ID,YEAR,MONTH,DAY,HOUR,MINUTE,SECOND,LOCATION,HUMIDITY
0,2019,8,16,0,0,29,Kensington,27.17
1,2019,8,16,0,0,58,Kensington,25.99
2,2019,8,16,0,0,87,Kensington,26.91
3,2019,8,16,0,46,0,Kensington,27.84
4,2019,8,16,0,46,29,Kensington,28.24
5,2019,8,16,0,46,58,Kensington,29.24
6,2019,8,16,0,46,87,Kensington,29.77
7,2019,8,16,0,92,0,Kensington,30.93
8,2019,8,16,0,92,29,Kensington,31.280001
9,2019,8,16,0,92,58,Kensington,30.280001
10,2019,8,16,0,92,87,Kensington,31.309999
11,2019,8,16,22,0,0,Kensington,29.440001
12,2019,8,16,22,0,29,Kensington,29.549999
13,2019,8,16,22,0,58,Kensington,27.66
14,2019,8,16,22,0,87,Kensington,29.17
15,2019,8,16,22,46,0,Kensington,30.91
16,2019,8,16,22,46,29,Kensington,31.33
17,2019,8,16,22,46,58,Kensington,29.84
18,2019,8,16,22,46,87,Kensington,30.59
19,2019,8,16,22,92,0,Kensington,29.370001
20,2019,8,16,22,92,29,Kensington,29.440001
21,2019,8,16,22,92,58,Kensington,31.370001
22,2019,8,16,22,92,87,Kensington,32.459999
23,2019,8,16,44,0,0,Kensington,31.84
24,2019,8,16,44,0,29,Kensington,30.440001
25,2019,8,16,44,0,58,Kensington,31.110001
26,2019,8,16,44,0,87,Kensington,31.040001
27,2019,8,16,44,46,0,Kensington,30.02
28,2019,8,16,44,46,29,Kensington,30.66
29,2019,8,16,44,46,58,Kensington,31.950001
30,2019,8,16,44,46,87,Kensington,33.439999
31,2019,8,16,44,92,0,Kensington,32.970001
32,2019,8,16,44,92,29,Kensington,32.549999
33,2019,8,16,44,92,58,Kensington,33.57
34,2019,8,16,44,92,87,Kensington,33.0
35,2019,8,26,0,0,0,Kensington,31.280001
36,2019,8,26,0,0,29,Kensington,29.59
37,2019,8,26,0,0,58,Kensington,29.059999
38,2019,8,26,0,0,87,Kensington,28.6
39,2019,8,26,0,46,0,Kensington,30.280001
40,2019,8,26,0,46,29,Kensington,30.51
41,2019,8,26,0,46,58,Kensington,30.459999
42,2019,8,26,0,46,87,Kensington,29.370001
43,2019,8,26,0,92,0,Kensington,29.99
44,2019,8,26,0,92,29,Kensington,29.309999
45,2019,8,26,0,92,58,Kensington,27.91
46,2019,8,26,0,92,87,Kensington,28.15
47,2019,8,26,22,0,0,Kensington,26.84
48,2019,8,26,22,0,29,Kensington,25.66
49,2019,8,26,22,0,58,Kensington,26.93
50,2019,8,26,22,0,87,Kensington,25.26
51,2019,8,26,22,46,0,Kensington,25.99
52,2019,8,26,22,46,29,Kensington,24.620001
53,2019,8,26,22,46,58,Kensington,24.57
54,2019,8,26,22,46,87,Kensington,23.459999
55,2019,8,26,22,92,0,Kensington,21.73
56,2019,8,26,22,92,29,Kensington,20.389999
57,2019,8,26,22,92,58,Kensington,21.57
58,2019,8,26,22,92,87,Kensington,22.6
59,2019,8,26,44,0,0,Kensington,24.389999
60,2019,8,26,44,0,29,Kensington,22.799999
61,2019,8,26,44,0,58,Kensington,22.68
62,2019,8,26,44,0,87,Kensington,21.459999
63,2019,8,26,44,46,0,Kensington,20.5
64,2019,8,26,44,46,29,Kensington,18.77
65,2019,8,26,44,46,58,Kensington,17.99
66,2019,8,26,44,46,87,Kensington,16.5
67,2019,8,26,44,92,0,Kensington,17.17
68,2019,8,26,44,92,29,Kensington,18.700001
69,2019,8,26,44,92,58,Kensington,20.59
70,2019,8,26,44,92,87,Kensington,18.99
71,2019,8,36,0,0,0,Kensington,19.73
72,2019,8,36,0,0,29,Kensington,19.6
73,2019,8,36,0,0,58,Kensington,21.48
74,2019,8,36,0,0,87,Kensington,21.389999
75,2019,8,36,0,46,0,Kensington,23.219999
76,2019,8,36,0,46,29,Kensington,23.5
77,2019,8,36,0,46,58,Kensington,24.530001
78,2019,8,36,0,46,87,Kensington,22.93
79,2019,8,36,0,92,0,Kensington,24.040001
80,2019,8,36,0,92,29,Kensington,22.51
81,2019,8,36,0,92,58,Kensington,22.59
82,2019,8,36,0,92,87,Kensington,21.059999
83,2019,8,36,22,0,0,Kensington,19.309999
84,2019,8,36,22,0,29,Kensington,20.309999
85,2019,8,36,22,0,58,Kensington,19.77
86,2019,8,36,22,0,87,Kensington,17.99
87,2019,8,36,22,46,0,Kensington,19.860001
88,2019,8,36,22,46,29,Kensington,18.549999
89,2019,8,36,22,46,58,Kensington,17.17
90,2019,8,36,22,46,87,Kensington,18.99
91,2019,8,36,22,92,0,Kensington,17.57
92,2019,8,36,22,92,29,Kensington,18.68
93,2019,8,36,22,92,58,Kensington,19.799999
94,2019,8,36,22,92,87,Kensington,19.42
95,2019,8,36,44,0,0,Kensington,19.4
96,2019,8,36,44,0,29,Kensington,19.02
97,2019,8,36,44,0,58,Kensington,19.4
98,2019,8,36,44,0,87,Kensington,17.530001
99,2019,8,36,44,46,0,Kensington,16.370001
100,2019,8,36,44,46,29,Kensington,14.77
101,2019,8,36,44,46,58,Kensington,15.17
102,2019,8,36,44,46,87,Kensington,16.59
103,2019,8,36,44,92,0,Kensington,17.459999
104,2019,8,36,44,92,29,Kensington,17.99
105,2019,8,36,44,92,58,Kensington,18.440001
106,2019,8,36,44,92,87,Kensington,19.200001
107,2019,9,1,0,0,0,Kensington,20.389999
108,2019,9,1,0,0,29,Kensington,19.51
109,2019,9,1,0,0,58,Kensington,20.950001
110,2019,9,1,0,0,87,Kensington,19.620001
111,2019,9,1,0,46,0,Kensington,21.200001
112,2019,9,1,0,46,29,Kensington,22.530001
113,2019,9,1,0,46,58,Kensington,24.200001
114,2019,9,1,0,46,87,Kensington,24.91
115,2019,9,1,0,92,0,Kensington,24.73
116,2019,9,1,0,92,29,Kensington,24.110001
117,2019,9,1,0,92,58,Kensington,23.48
118,2019,9,1,0,92,87,Kensington,21.68
119,2019,9,1,22,0,0,Kensington,20.639999
120,2019,9,1,22,0,29,Kensington,22.33
121,2019,9,1,22,0,58,Kensington,24.309999
122,2019,9,1,22,0,87,Kensington,25.59
123,2019,9,1,22,46,0,Kensington,26.51
124,2019,9,1,22,46,29,Kensington,27.24
125,2019,9,1,22,46,58,Kensington,28.42
126,2019,9,1,22,46,87,Kensington,27.950001
127,2019,9,1,22,92,0,Kensington,27.440001
128,2019,9,1,22,92,29,Kensington,29.370001
129,2019,9,1,22,92,58,Kensington,31.110001
130,2019,9,1,22,92,87,Kensington,32.330002
131,2019,9,1,44,0,0,Kensington,30.59
132,2019,9,1,44,0,29,Kensington,30.17
133,2019,9,1,44,0,58,Kensington,28.299999
134,2019,9,1,44,0,87,Kensington,27.59
135,2019,9,1,44,46,0,Kensington,27.6
136,2019,9,1,44,46,29,Kensington,25.99
137,2019,9,1,44,46,58,Kensington,27.59
138,2019,9,1,44,46,87,Kensington,27.57
139,2019,9,1,44,92,0,Kensington,25.73
140,2019,9,1,44,92,29,Kensington,25.389999
141,2019,9,1,44,92,58,Kensington,24.620001
142,2019,9,1,44,92,87,Kensington,25.219999
143,2019,9,11,0,0,0,Kensington,23.799999
144,2019,9,11,0,0,29,Kensington,22.799999
145,2019,9,11,0,0,58,Kensington,21.91
146,2019,9,11,0,0,87,Kensington,23.24
147,2019,9,11,0,46,0,Kensington,24.299999
148,2019,9,11,0,46,29,Kensington,22.6
149,2019,9,11,0,46,58,Kensington,20.969999
150,2019,9,11,0,46,87,Kensington,19.59
151,2019,9,11,0,92,0,Kensington,21.5
152,2019,9,11,0,92,29,Kensington,20.530001
153,2019,9,11,0,92,58,Kensington,18.99
154,2019,9,11,0,92,87,Kensington,20.190001
155,2019,9,11,22,0,0,Kensington,20.35
156,2019,9,11,22,0,29,Kensington,21.530001
157,2019,9,11,22,0,58,Kensington,20.08
158,2019,9,11,22,0,87,Kensington,21.77
159,2019,9,11,22,46,0,Kensington,21.700001
160,2019,9,11,22,46,29,Kensington,23.0
161,2019,9,11,22,46,58,Kensington,21.799999
162,2019,9,11,22,46,87,Kensington,21.17
163,2019,9,11,22,92,0,Kensington,21.309999
164,2019,9,11,22,92,29,Kensington,19.790001
165,2019,9,11,22,92,58,Kensington,18.389999
166,2019,9,11,22,92,87,Kensington,16.42
167,2019,9,11,44,0,0,Kensington,16.1
168,2019,9,11,44,0,29,Kensington,15.39
169,2019,9,11,44,0,58,Kensington,14.24
170,2019,9,11,44,0,87,Kensington,12.48
171,2019,9,11,44,46,0,Kensington,11.51
172,2019,9,11,44,46,29,Kensington,12.7
173,2019,9,11,44,46,58,Kensington,11.91
174,2019,9,11,44,46,87,Kensington,12.0
175,2019,9,11,44,92,0,Kensington,12.17
176,2019,9,11,44,92,29,Kensington,13.35
177,2019,9,11,44,92,58,Kensington,14.82
178,2019,9,11,44,92,87,Kensington,13.73
179,2019,9,21,0,0,0,Kensington,15.3
180,2019,9,21,0,0,29,Kensington,16.42
181,2019,9,21,0,0,58,Kensington,15.28
182,2019,9,21,0,0,87,Kensington,14.88
183,2019,9,21,0,46,0,Kensington,14.82
184,2019,9,21,0,46,29,Kensington,14.13
185,2019,9,21,0,46,58,Kensington,12.51
186,2019,9,21,0,46,87,Kensington,11.26
187,2019,9,21,0,92,0,Kensington,11.51
188,2019,9,21,0,92,29,Kensington,10.06
189,2019,9,21,0,92,58,Kensington,11.04
190,2019,9,21,0,92,87,Kensington,9.15
191,2019,9,21,22,0,0,Kensington,8.51
192,2019,9,21,22,0,29,Kensington,8.6
193,2019,9,21,22,0,58,Kensington,9.73
194,2019,9,21,22,0,87,Kensington,7.97
195,2019,9,21,22,46,0,Kensington,5.97
196,2019,9,21,22,46,29,Kensington,4.66
197,2019,9,21,22,46,58,Kensington,6.66
198,2019,9,21,22,46,87,Kensington,5.71
199,2019,9,21,22,92,0,Kensington,4.68
200,2019,9,21,22,92,29,Kensington,4.3
201,2019,9,21,22,92,58,Kensington,5.53
202,2019,9,21,22,92,87,Kensington,6.66
203,2019,9,21,44,0,0,Kensington,7.28
204,2019,9,21,44,0,29,Kensington,5.79
205,2019,9,21,44,0,58,Kensington,7.02
206,2019,9,21,44,0,87,Kensington,7.33
207,2019,9,21,44,46,0,Kensington,6.59
208,2019,9,21,44,46,29,Kensington,6.97
209,2019,9,21,44,46,58,Kensington,5.79
210,2019,9,21,44,46,87,Kensington,7.17
211,2019,9,21,44,92,0,Kensington,6.22
212,2019,9,21,44,92,29,Kensington,5.82
213,2019,9,21,44,92,58,Kensington,6.42
214,2019,9,21,44,92,87,Kensington,7.19
215,2019,9,31,0,0,0,Kensington,5.88
216,2019,9,31,0,0,29,Kensington,7.6
217,2019,9,31,0,0,58,Kensington,9.57
218,2019,9,31,0,0,87,Kensington,8.77
219,2019,9,31,0,46,0,Kensington,10.24
220,2019,9,31,0,46,29,Kensington,8.88
221,2019,9,31,0,46,58,Kensington,8.08
222,2019,9,31,0,46,87,Kensington,8.66
223,2019,9,31,0,92,0,Kensington,8.22
224,2019,9,31,0,92,29,Kensington,8.42
225,2019,9,31,0,92,58,Kensington,6.91
226,2019,9,31,0,92,87,Kensington,6.35
227,2019,9,31,22,0,0,Kensington,4.5
228,2019,9,31,22,0,29,Kensington,5.68
229,2019,9,31,22,0,58,Kensington,7.57
230,2019,9,31,22,0,87,Kensington,9.51
231,2019,9,31,22,46,0,Kensington,8.4
232,2019,9,31,22,46,29,Kensington,8.55
233,2019,9,31,22,46,58,Kensington,10.46
234,2019,9,31,22,46,87,Kensington,10.15
235,2019,9,31,22,92,0,Kensington,9.08
236,2019,9,31,22,92,29,Kensington,8.04
237,2019,9,31,22,92,58,Kensington,7.86
238,2019,9,31,22,92,87,Kensington,8.62
239,2019,9,31,44,0,0,Kensington,7.77
240,2019,9,31,44,0,29,Kensington,6.08
241,2019,9,31,44,0,58,Kensington,7.55
242,2019,9,31,44,0,87,Kensington,8.93
243,2019,9,31,44,46,0,Kensington,10.08
244,2019,9,31,44,46,29,Kensington,9.0
245,2019,9,31,44,46,58,Kensington,7.06
246,2019,9,31,44,46,87,Kensington,7.82
247,2019,9,31,44,92,0,Kensington,8.46
248,2019,9,31,44,92,29,Kensington,8.5
249,2019,9,31,44,92,58,Kensington,10.06
250,2019,9,31,44,92,87,Kensington,9.59
251,2019,10,1,0,0,0,Kensington,10.62
252,2019,10,1,0,0,29,Kensington,12.15
253,2019,10,1,0,0,58,Kensington,11.02
254,2019,10,1,0,0,87,Kensington,11.17
255,2019,10,1,0,46,0,Kensington,12.59
256,2019,10,1,0,46,29,Kensington,12.37
257,2019,10,1,0,46,58,Kensington,12.64
258,2019,10,1,0,46,87,Kensington,14.51
259,2019,10,1,0,92,0,Kensington,16.48
260,2019,10,1,0,92,29,Kensington,18.15
261,2019,10,1,0,92,58,Kensington,16.370001
262,2019,10,1,0,92,87,Kensington,18.15
263,2019,10,1,22,0,0,Kensington,19.08
264,2019,10,1,22,0,29,Kensington,17.280001
265,2019,10,1,22,0,58,Kensington,18.17
266,2019,10,1,22,0,87,Kensington,17.799999
267,2019,10,1,22,46,0,Kensington,18.08
268,2019,10,1,22,46,29,Kensington,17.950001
269,2019,10,1,22,46,58,Kensington,19.309999
270,2019,10,1,22,46,87,Kensington,21.08
271,2019,10,1,22,92,0,Kensington,22.5
272,2019,10,1,22,92,29,Kensington,22.969999
273,2019,10,1,22,92,58,Kensington,23.82
274,2019,10,1,22,92,87,Kensington,25.35
275,2019,10,1,44,0,0,Kensington,26.84
276,2019,10,1,44,0,29,Kensington,28.5
277,2019,10,1,44,0,58,Kensington,28.620001
278,2019,10,1,44,0,87,Kensington,29.0
279,2019,10,1,44,46,0,Kensington,27.75
280,2019,10,1,44,46,29,Kensington,28.82
281,2019,10,1,44,46,58,Kensington,29.879999
282,2019,10,1,44,46,87,Kensington,29.799999
283,2019,10,1,44,92,0,Kensington,30.1
284,2019,10,1,44,92,29,Kensington,30.370001
285,2019,10,1,44,92,58,Kensington,28.9
286,2019,10,1,44,92,87,Kensington,28.190001
287,2019,10,11,0,0,0,Kensington,27.33
288,2019,10,11,0,0,29,Kensington,25.91
289,2019,10,11,0,0,58,Kensington,26.48
290,2019,10,11,0,0,87,Kensington,25.440001
291,2019,10,11,0,46,0,Kensington,25.059999
292,2019,10,11,0,46,29,Kensington,24.77
293,2019,10,11,0,46,58,Kensington,25.860001
294,2019,10,11,0,46,87,Kensington,25.5
295,2019,10,11,0,92,0,Kensington,23.99
296,2019,10,11,0,92,29,Kensington,25.51
297,2019,10,11,0,92,58,Kensington,23.73
298,2019,10,11,0,92,87,Kensington,22.389999
299,2019,10,11,22,0,0,Kensington,23.77
300,2019,10,11,22,0,29,Kensington,25.530001
301,2019,10,11,22,0,58,Kensington,27.190001
302,2019,10,11,22,0,87,Kensington,27.370001
303,2019,10,11,22,46,0,Kensington,28.1
304,2019,10,11,22,46,29,Kensington,27.280001
305,2019,10,11,22,46,58,Kensington,28.5
306,2019,10,11,22,46,87,Kensington,27.799999
307,2019,10,11,22,92,0,Kensington,26.0
308,2019,10,11,22,92,29,Kensington,24.02
309,2019,10,11,22,92,58,Kensington,23.4
310,2019,10,11,22,92,87,Kensington,23.459999
311,2019,10,11,44,0,0,Kensington,23.1
312,2019,10,11,44,0,29,Kensington,23.799999
313,2019,10,11,44,0,58,Kensington,25.0
314,2019,10,11,44,0,87,Kensington,23.950001
315,2019,10,11,44,46,0,Kensington,23.48
316,2019,10,11,44,46,29,Kensington,23.6
317,2019,10,11,44,46,58,Kensington,23.6
318,2019,10,11,44,46,87,Kensington,25.549999
319,2019,10,11,44,92,0,Kensington,26.549999
320,2019,10,11,44,92,29,Kensington,25.73
321,2019,10,11,44,92,58,Kensington,27.299999
322,2019,10,11,44,92,87,Kensington,26.5
323,2019,10,21,0,0,0,Kensington,27.51
324,2019,10,21,0,0,29,Kensington,28.790001
325,2019,10,21,0,0,58,Kensington,26.99
326,2019,10,21,0,0,87,Kensington,27.26
327,2019,10,21,0,46,0,Kensington,28.200001
328,2019,10,21,0,46,29,Kensington,28.700001
329,2019,10,21,0,46,58,Kensington,30.0
330,2019,10,21,0,46,87,Kensington,31.6
331,2019,10,21,0,92,0,Kensington,30.219999
332,2019,10,21,0,92,29,Kensington,30.309999
333,2019,10,21,0,92,58,Kensington,31.309999
334,2019,10,21,0,92,87,Kensington,31.700001
335,2019,10,21,22,0,0,Kensington,31.73
336,2019,10,21,22,0,29,Kensington,33.279999
337,2019,10,21,22,0,58,Kensington,31.620001
338,2019,10,21,22,0,87,Kensington,30.33
339,2019,10,21,22,46,0,Kensington,28.35
340,2019,10,21,22,46,29,Kensington,27.389999
341,2019,10,21,22,46,58,Kensington,27.879999
342,2019,10,21,22,46,87,Kensington,28.91
343,2019,10,21,22,92,0,Kensington,28.799999
344,2019,10,21,22,92,29,Kensington,27.77
345,2019,10,21,22,92,58,Kensington,26.639999
346,2019,10,21,22,92,87,Kensington,26.110001
347,2019,10,21,44,0,0,Kensington,25.299999
348,2019,10,21,44,0,29,Kensington,25.299999
349,2019,10,21,44,0,58,Kensington,27.299999
350,2019,10,21,44,0,87,Kensington,28.129999
351,2019,10,21,44,46,0,Kensington,28.24
352,2019,10,21,44,46,29,Kensington,29.219999
353,2019,10,21,44,46,58,Kensington,29.5
354,2019,10,21,44,46,87,Kensington,28.84
355,2019,10,21,44,92,0,Kensington,29.17
356,2019,10,21,44,92,29,Kensington,29.370001
357,2019,10,21,44,92,58,Kensington,29.969999
358,2019,10,21,44,92,87,Kensington,31.129999
359,2019,10,31,0,0,0,Kensington,31.219999
360,2019,10,31,0,0,29,Kensington,33.200001
361,2019,10,31,0,0,58,Kensington,31.57
362,2019,10,31,0,0,87,Kensington,32.990002
363,2019,10,31,0,46,0,Kensington,32.220001
364,2019,10,31,0,46,29,Kensington,30.459999
365,2019,10,31,0,46,58,Kensington,29.799999
366,2019,10,31,0,46,87,Kensington,30.790001
367,2019,10,31,0,92,0,Kensington,30.24
368,2019,10,31,0,92,29,Kensington,29.42
369,2019,10,31,0,92,58,Kensington,28.9
370,2019,10,31,0,92,87,Kensington,30.24
371,2019,10,31,22,0,0,Kensington,32.02
372,2019,10,31,22,0,29,Kensington,33.400002
373,2019,10,31,22,0,58,Kensington,32.099998
374,2019,10,31,22,0,87,Kensington,34.060001
375,2019,10,31,22,46,0,Kensington,35.419998
376,2019,10,31,22,46,29,Kensington,34.220001
377,2019,10,31,22,46,58,Kensington,34.130001
378,2019,10,31,22,46,87,Kensington,33.599998
379,2019,10,31,22,92,0,Kensington,35.02
380,2019,10,31,22,92,29,Kensington,36.279999
381,2019,10,31,22,92,58,Kensington,35.310001
382,2019,10,31,22,92,87,Kensington,35.439999
383,2019,10,31,44,0,0,Kensington,35.599998
384,2019,10,31,44,0,29,Kensington,37.099998
385,2019,10,31,44,0,58,Kensington,37.950001
386,2019,10,31,44,0,87,Kensington,38.200001
387,2019,10,31,44,46,0,Kensington,37.880001
388,2019,10,31,44,46,29,Kensington,38.0
389,2019,10,31,44,46,58,Kensington,39.060001
390,2019,10,31,44,46,87,Kensington,37.509998
391,2019,10,31,44,92,0,Kensington,38.200001
392,2019,10,31,44,92,29,Kensington,39.48
393,2019,10,31,44,92,58,Kensington,40.299999
394,2019,10,31,44,92,87,Kensington,39.099998
395,2019,11,1,0,0,0,Kensington,38.369999
396,2019,11,1,0,0,29,Kensington,39.240002
397,2019,11,1,0,0,58,Kensington,39.400002
398,2019,11,1,0,0,87,Kensington,37.459999
399,2019,11,1,0,46,0,Kensington,35.91
400,2019,11,1,0,46,29,Kensington,33.990002
401,2019,11,1,0,46,58,Kensington,35.259998
402,2019,11,1,0,46,87,Kensington,36.200001
403,2019,11,1,0,92,0,Kensington,36.66
404,2019,11,1,0,92,29,Kensington,35.709999
405,2019,11,1,0,92,58,Kensington,36.48
406,2019,11,1,0,92,87,Kensington,37.099998
407,2019,11,1,22,0,0,Kensington,37.439999
408,2019,11,1,22,0,29,Kensington,35.439999
409,2019,11,1,22,0,58,Kensington,35.860001
410,2019,11,1,22,0,87,Kensington,35.900002
411,2019,11,1,22,46,0,Kensington,34.299999
412,2019,11,1,22,46,29,Kensington,36.060001
413,2019,11,1,22,46,58,Kensington,34.220001
414,2019,11,1,22,46,87,Kensington,33.259998
415,2019,11,1,22,92,0,Kensington,35.040001
416,2019,11,1,22,92,29,Kensington,36.310001
417,2019,11,1,22,92,58,Kensington,35.169998
418,2019,11,1,22,92,87,Kensington,34.439999
419,2019,11,1,44,0,0,Kensington,34.700001
420,2019,11,1,44,0,29,Kensington,35.91
421,2019,11,1,44,0,58,Kensington,37.509998
422,2019,11,1,44,0,87,Kensington,38.549999
423,2019,11,1,44,46,0,Kensington,38.169998
424,2019,11,1,44,46,29,Kensington,38.77
425,2019,11,1,44,46,58,Kensington,37.700001
426,2019,11,1,44,46,87,Kensington,36.880001
427,2019,11,1,44,92,0,Kensington,38.099998
428,2019,11,1,44,92,29,Kensington,39.130001
429,2019,11,1,44,92,58,Kensington,38.880001
430,2019,11,1,44,92,87,Kensington,37.59
431,2019,11,11,0,0,0,Kensington,38.0
432,2019,11,11,0,0,29,Kensington,39.619999
433,2019,11,11,0,0,58,Kensington,37.709999
434,2019,11,11,0,0,87,Kensington,36.990002
435,2019,11,11,0,46,0,Kensington,36.110001
436,2019,11,11,0,46,29,Kensington,36.189999
437,2019,11,11,0,46,58,Kensington,37.130001
438,2019,11,11,0,46,87,Kensington,36.599998
439,2019,11,11,0,92,0,Kensington,37.220001
440,2019,11,11,0,92,29,Kensington,37.0
441,2019,11,11,0,92,58,Kensington,35.84
442,2019,11,11,0,92,87,Kensington,34.93
443,2019,11,11,22,0,0,Kensington,34.0
444,2019,11,11,22,0,29,Kensington,35.099998
445,2019,11,11,22,0,58,Kensington,36.419998
446,2019,11,11,22,0,87,Kensington,37.110001
447,2019,11,11,22,46,0,Kensington,35.110001
448,2019,11,11,22,46,29,Kensington,35.599998
449,2019,11,11,22,46,58,Kensington,37.189999
450,2019,11,11,22,46,87,Kensington,36.57
451,2019,11,11,22,92,0,Kensington,35.93
452,2019,11,11,22,92,29,Kensington,35.060001
453,2019,11,11,22,92,58,Kensington,36.040001
454,2019,11,11,22,92,87,Kensington,35.529999
455,2019,11,11,44,0,0,Kensington,36.549999
456,2019,11,11,44,0,29,Kensington,36.299999
457,2019,11,11,44,0,58,Kensington,35.799999
458,2019,11,11,44,0,87,Kensington,35.130001
459,2019,11,11,44,46,0,Kensington,36.459999
460,2019,11,11,44,46,29,Kensington,37.91
461,2019,11,11,44,46,58,Kensington,39.369999
462,2019,11,11,44,46,87,Kensington,41.240002
463,2019,11,11,44,92,0,Kensington,39.619999
464,2019,11,11,44,92,29,Kensington,39.02
465,2019,11,11,44,92,58,Kensington,38.84
466,2019,11,11,44,92,87,Kensington,39.529999
467,2019,11,21,0,0,0,Kensington,40.400002
468,2019,11,21,0,0,29,Kensington,40.66
469,2019,11,21,0,0,58,Kensington,39.82
470,2019,11,21,0,0,87,Kensington,41.549999
471,2019,11,21,0,46,0,Kensington,43.040001
472,2019,11,21,0,46,29,Kensington,41.369999
473,2019,11,21,0,46,58,Kensington,40.5
474,2019,11,21,0,46,87,Kensington,39.389999
475,2019,11,21,0,92,0,Kensington,40.59
476,2019,11,21,0,92,29,Kensington,39.189999
477,2019,11,21,0,92,58,Kensington,38.860001
478,2019,11,21,0,92,87,Kensington,36.880001
479,2019,11,21,22,0,0,Kensington,35.400002
480,2019,11,21,22,0,29,Kensington,37.0
481,2019,11,21,22,0,58,Kensington,37.91
482,2019,11,21,22,0,87,Kensington,37.439999
483,2019,11,21,22,46,0,Kensington,39.040001
484,2019,11,21,22,46,29,Kensington,37.259998
485,2019,11,21,22,46,58,Kensington,36.73
486,2019,11,21,22,46,87,Kensington,37.82
487,2019,11,21,22,92,0,Kensington,39.130001
488,2019,11,21,22,92,29,Kensington,40.259998
489,2019,11,21,22,92,58,Kensington,40.389999
490,2019,11,21,22,92,87,Kensington,39.84
491,2019,11,21,44,0,0,Kensington,41.110001
492,2019,11,21,44,0,29,Kensington,40.0
493,2019,11,21,44,0,58,Kensington,40.400002
494,2019,11,21,44,0,87,Kensington,42.110001
495,2019,11,21,44,46,0,Kensington,42.169998
496,2019,11,21,44,46,29,Kensington,40.400002
497,2019,11,21,44,46,58,Kensington,42.060001
498,2019,11,21,44,46,87,Kensington,43.439999
499,2019,11,21,44,92,0,Kensington,42.73
500,2019,11,21,44,92,29,Kensington,41.799999
501,2019,11,21,44,92,58,Kensington,40.77
502,2019,11,21,44,92,87,Kensington,39.419998
503,2019,11,31,0,0,0,Kensington,40.48
504,2019,11,31,0,0,29,Kensington,40.790001
505,2019,11,31,0,0,58,Kensington,39.330002
506,2019,11,31,0,0,87,Kensington,41.02
507,2019,11,31,0,46,0,Kensington,39.5
508,2019,11,31,0,46,29,Kensington,38.75
509,2019,11,31,0,46,58,Kensington,37.240002
510,2019,11,31,0,46,87,Kensington,36.950001
511,2019,11,31,0,92,0,Kensington,35.48
512,2019,11,31,0,92,29,Kensington,36.299999
513,2019,11,31,0,92,58,Kensington,36.700001
514,2019,11,31,0,92,87,Kensington,35.700001
515,2019,11,31,22,0,0,Kensington,35.259998
516,2019,11,31,22,0,29,Kensington,35.619999
517,2019,11,31,22,0,58,Kensington,35.860001
518,2019,11,31,22,0,87,Kensington,37.240002
519,2019,11,31,22,46,0,Kensington,39.169998
520,2019,11,31,22,46,29,Kensington,37.93
521,2019,11,31,22,46,58,Kensington,36.990002
522,2019,11,31,22,46,87,Kensington,36.299999
523,2019,11,31,22,92,0,Kensington,35.330002
524,2019,11,31,22,92,29,Kensington,34.299999
525,2019,11,31,22,92,58,Kensington,35.349998
526,2019,11,31,22,92,87,Kensington,35.84
527,2019,11,31,44,0,0,Kensington,35.02
528,2019,11,31,44,0,29,Kensington,33.93
529,2019,11,31,44,0,58,Kensington,33.860001
530,2019,11,31,44,0,87,Kensington,33.439999
531,2019,11,31,44,46,0,Kensington,33.549999
532,2019,11,31,44,46,29,Kensington,34.150002
533,2019,11,31,44,46,58,Kensington,32.950001
534,2019,11,31,44,46,87,Kensington,33.970001
535,2019,11,31,44,92,0,Kensington,35.509998
536,2019,11,31,44,92,29,Kensington,33.709999
537,2019,11,31,44,92,58,Kensington,34.700001
538,2019,11,31,44,92,87,Kensington,36.259998
539,2019,12,1,0,0,0,Kensington,38.080002
540,2019,12,1,0,0,29,Kensington,38.529999
541,2019,12,1,0,0,58,Kensington,39.419998
542,2019,12,1,0,0,87,Kensington,38.66
543,2019,12,1,0,46,0,Kensington,37.599998
544,2019,12,1,0,46,29,Kensington,36.5
545,2019,12,1,0,46,58,Kensington,35.060001
546,2019,12,1,0,46,87,Kensington,34.299999
547,2019,12,1,0,92,0,Kensington,36.110001
548,2019,12,1,0,92,29,Kensington,36.349998
549,2019,12,1,0,92,58,Kensington,35.400002
550,2019,12,1,0,92,87,Kensington,35.02
551,2019,12,1,22,0,0,Kensington,36.110001
552,2019,12,1,22,0,29,Kensington,34.419998
553,2019,12,1,22,0,58,Kensington,35.080002
554,2019,12,1,22,0,87,Kensington,33.880001
555,2019,12,1,22,46,0,Kensington,33.66
556,2019,12,1,22,46,29,Kensington,35.57
557,2019,12,1,22,46,58,Kensington,34.060001
558,2019,12,1,22,46,87,Kensington,33.66
559,2019,12,1,22,92,0,Kensington,32.84
560,2019,12,1,22,92,29,Kensington,30.93
561,2019,12,1,22,92,58,Kensington,31.42
562,2019,12,1,22,92,87,Kensington,30.1
563,2019,12,1,44,0,0,Kensington,31.200001
564,2019,12,1,44,0,29,Kensington,32.150002
565,2019,12,1,44,0,58,Kensington,30.950001
566,2019,12,1,44,0,87,Kensington,30.15
567,2019,12,1,44,46,0,Kensington,31.620001
568,2019,12,1,44,46,29,Kensington,30.57
569,2019,12,1,44,46,58,Kensington,31.309999
570,2019,12,1,44,46,87,Kensington,29.440001
571,2019,12,1,44,92,0,Kensington,31.200001
572,2019,12,1,44,92,29,Kensington,32.220001
573,2019,12,1,44,92,58,Kensington,34.110001
574,2019,12,1,44,92,87,Kensington,35.099998
575,2019,12,11,0,0,0,Kensington,35.68
576,2019,12,11,0,0,29,Kensington,37.389999
577,2019,12,11,0,0,58,Kensington,35.549999
578,2019,12,11,0,0,87,Kensington,33.990002
579,2019,12,11,0,46,0,Kensington,33.240002
580,2019,12,11,0,46,29,Kensington,35.130001
581,2019,12,11,0,46,58,Kensington,33.950001
582,2019,12,11,0,46,87,Kensington,33.59
583,2019,12,11,0,92,0,Kensington,32.02
584,2019,12,11,0,92,29,Kensington,30.950001
585,2019,12,11,0,92,58,Kensington,31.459999
586,2019,12,11,0,92,87,Kensington,32.200001
587,2019,12,11,22,0,0,Kensington,31.059999
588,2019,12,11,22,0,29,Kensington,30.24
589,2019,12,11,22,0,58,Kensington,29.440001
590,2019,12,11,22,0,87,Kensington,27.530001
591,2019,12,11,22,46,0,Kensington,27.309999
592,2019,12,11,22,46,29,Kensington,27.08
593,2019,12,11,22,46,58,Kensington,25.26
594,2019,12,11,22,46,87,Kensington,27.1
595,2019,12,11,22,92,0,Kensington,27.75
596,2019,12,11,22,92,29,Kensington,28.530001
597,2019,12,11,22,92,58,Kensington,28.6
598,2019,12,11,22,92,87,Kensington,29.84
599,2019,12,11,44,0,0,Kensington,29.639999
600,2019,12,11,44,0,29,Kensington,29.790001
601,2019,12,11,44,0,58,Kensington,28.969999
602,2019,12,11,44,0,87,Kensington,27.280001
603,2019,12,11,44,46,0,Kensington,26.02
604,2019,12,11,44,46,29,Kensington,27.950001
605,2019,12,11,44,46,58,Kensington,28.48
606,2019,12,11,44,46,87,Kensington,27.299999
607,2019,12,11,44,92,0,Kensington,26.68
608,2019,12,11,44,92,29,Kensington,25.57
609,2019,12,11,44,92,58,Kensington,23.6
610,2019,12,11,44,92,87,Kensington,22.08
611,2019,12,21,0,0,0,Kensington,21.040001
612,2019,12,21,0,0,29,Kensington,22.35
613,2019,12,21,0,0,58,Kensington,22.0
614,2019,12,21,0,0,87,Kensington,22.620001
615,2019,12,21,0,46,0,Kensington,24.299999
616,2019,12,21,0,46,29,Kensington,25.6
617,2019,12,21,0,46,58,Kensington,25.790001
618,2019,12,21,0,46,87,Kensington,27.35
619,2019,12,21,0,92,0,Kensington,26.5
620,2019,12,21,0,92,29,Kensington,27.299999
621,2019,12,21,0,92,58,Kensington,25.91
622,2019,12,21,0,92,87,Kensington,27.26
623,2019,12,21,22,0,0,Kensington,27.59
624,2019,12,21,22,0,29,Kensington,28.82
625,2019,12,21,22,0,58,Kensington,29.110001
626,2019,12,21,22,0,87,Kensington,30.35
627,2019,12,21,22,46,0,Kensington,30.129999
628,2019,12,21,22,46,29,Kensington,29.309999
629,2019,12,21,22,46,58,Kensington,28.02
630,2019,12,21,22,46,87,Kensington,29.91
631,2019,12,21,22,92,0,Kensington,31.9
632,2019,12,21,22,92,29,Kensington,33.619999
633,2019,12,21,22,92,58,Kensington,32.099998
634,2019,12,21,22,92,87,Kensington,33.700001
635,2019,12,21,44,0,0,Kensington,33.73
636,2019,12,21,44,0,29,Kensington,35.150002
637,2019,12,21,44,0,58,Kensington,35.419998
638,2019,12,21,44,0,87,Kensington,36.900002
639,2019,12,21,44,46,0,Kensington,37.599998
640,2019,12,21,44,46,29,Kensington,38.349998
641,2019,12,21,44,46,58,Kensington,40.349998
642,2019,12,21,44,46,87,Kensington,40.880001
643,2019,12,21,44,92,0,Kensington,39.880001
644,2019,12,21,44,92,29,Kensington,40.259998
645,2019,12,21,44,92,58,Kensington,39.099998
646,2019,12,21,44,92,87,Kensington,40.419998
647,2019,12,31,0,0,0,Kensington,38.439999
648,2019,12,31,0,0,29,Kensington,40.02
649,2019,12,31,0,0,58,Kensington,40.349998
650,2019,12,31,0,0,87,Kensington,41.040001
651,2019,12,31,0,46,0,Kensington,41.200001
652,2019,12,31,0,46,29,Kensington,40.220001
653,2019,12,31,0,46,58,Kensington,39.279999
654,2019,12,31,0,46,87,Kensington,38.709999
655,2019,12,31,0,92,0,Kensington,38.5
656,2019,12,31,0,92,29,Kensington,37.200001
657,2019,12,31,0,92,58,Kensington,36.189999
658,2019,12,31,0,92,87,Kensington,36.310001
659,2019,12,31,22,0,0,Kensington,36.080002
660,2019,12,31,22,0,29,Kensington,37.0
661,2019,12,31,22,0,58,Kensington,35.349998
662,2019,12,31,22,0,87,Kensington,37.310001
663,2019,12,31,22,46,0,Kensington,36.619999
664,2019,12,31,22,46,29,Kensington,35.099998
665,2019,12,31,22,46,58,Kensington,36.459999
666,2019,12,31,22,46,87,Kensington,38.060001
667,2019,12,31,22,92,0,Kensington,38.419998
668,2019,12,31,22,92,29,Kensington,36.549999
669,2019,12,31,22,92,58,Kensington,36.060001
670,2019,12,31,22,92,87,Kensington,34.990002
671,2019,12,31,44,0,0,Kensington,36.700001
672,2019,12,31,44,0,29,Kensington,38.099998
673,2019,12,31,44,0,58,Kensington,40.040001
674,2019,12,31,44,0,87,Kensington,41.400002
675,2019,12,31,44,46,0,Kensington,41.189999
676,2019,12,31,44,46,29,Kensington,39.860001
677,2019,12,31,44,46,58,Kensington,38.349998
678,2019,12,31,44,46,87,Kensington,37.389999
679,2019,12,31,44,92,0,Kensington,38.509998
680,2019,12,31,44,92,29,Kensington,39.400002
681,2019,12,31,44,92,58,Kensington,41.099998
682,2019,12,31,44,92,87,Kensington,42.5
683,2019,1,1,0,0,0,Kensington,43.040001
684,2019,1,1,0,0,29,Kensington,43.439999
685,2019,1,1,0,0,58,Kensington,41.48
686,2019,1,1,0,0,87,Kensington,40.369999
687,2019,1,1,0,46,0,Kensington,40.549999
688,2019,1,1,0,46,29,Kensington,39.189999
689,2019,1,1,0,46,58,Kensington,39.66
690,2019,1,1,0,46,87,Kensington,37.73
691,2019,1,1,0,92,0,Kensington,38.48
692,2019,1,1,0,92,29,Kensington,37.060001
693,2019,1,1,0,92,58,Kensington,35.369999
694,2019,1,1,0,92,87,Kensington,35.880001
695,2019,1,1,22,0,0,Kensington,37.880001
696,2019,1,1,22,0,29,Kensington,39.169998
697,2019,1,1,22,0,58,Kensington,40.59
698,2019,1,1,22,0,87,Kensington,40.82
699,2019,1,1,22,46,0,Kensington,41.73
700,2019,1,1,22,46,29,Kensington,43.169998
701,2019,1,1,22,46,58,Kensington,44.860001
702,2019,1,1,22,46,87,Kensington,46.099998
703,2019,1,1,22,92,0,Kensington,47.279999
704,2019,1,1,22,92,29,Kensington,45.529999
705,2019,1,1,22,92,58,Kensington,45.709999
706,2019,1,1,22,92,87,Kensington,44.419998
707,2019,1,1,44,0,0,Kensington,43.91
708,2019,1,1,44,0,29,Kensington,45.389999
709,2019,1,1,44,0,58,Kensington,46.369999
710,2019,1,1,44,0,87,Kensington,48.060001
711,2019,1,1,44,46,0,Kensington,46.299999
712,2019,1,1,44,46,29,Kensington,47.59
713,2019,1,1,44,46,58,Kensington,48.310001
714,2019,1,1,44,46,87,Kensington,49.91
715,2019,1,1,44,92,0,Kensington,50.189999
716,2019,1,1,44,92,29,Kensington,48.709999
717,2019,1,1,44,92,58,Kensington,49.799999
718,2019,1,1,44,92,87,Kensington,50.130001
719,2019,1,11,0,0,0,Kensington,49.549999
720,2019,1,11,0,0,29,Kensington,49.880001
721,2019,1,11,0,0,58,Kensington,51.439999
722,2019,1,11,0,0,87,Kensington,51.5
723,2019,1,11,0,46,0,Kensington,53.389999
724,2019,1,11,0,46,29,Kensington,55.02
725,2019,1,11,0,46,58,Kensington,54.459999
726,2019,1,11,0,46,87,Kensington,53.400002
727,2019,1,11,0,92,0,Kensington,55.349998
728,2019,1,11,0,92,29,Kensington,57.060001
729,2019,1,11,0,92,58,Kensington,57.59
730,2019,1,11,0,92,87,Kensington,59.0
731,2019,1,11,22,0,0,Kensington,60.310001
732,2019,1,11,22,0,29,Kensington,61.5
733,2019,1,11,22,0,58,Kensington,62.200001
734,2019,1,11,22,0,87,Kensington,62.0
735,2019,1,11,22,46,0,Kensington,60.73
736,2019,1,11,22,46,29,Kensington,60.48
737,2019,1,11,22,46,58,Kensington,59.75
738,2019,1,11,22,46,87,Kensington,60.080002
739,2019,1,11,22,92,0,Kensington,59.5
740,2019,1,11,22,92,29,Kensington,59.080002
741,2019,1,11,22,92,58,Kensington,59.48
742,2019,1,11,22,92,87,Kensington,59.459999
743,2019,1,11,44,0,0,Kensington,59.369999
744,2019,1,11,44,0,29,Kensington,58.0
745,2019,1,11,44,0,58,Kensington,58.349998
746,2019,1,11,44,0,87,Kensington,57.369999
747,2019,1,11,44,46,0,Kensington,57.02
748,2019,1,11,44,46,29,Kensington,56.389999
749,2019,1,11,44,46,58,Kensington,55.639999
750,2019,1,11,44,46,87,Kensington,57.619999
751,2019,1,11,44,92,0,Kensington,57.459999
752,2019,1,11,44,92,29,Kensington,58.950001
753,2019,1,11,44,92,58,Kensington,60.189999
754,2019,1,11,44,92,87,Kensington,58.220001
755,2019,1,21,0,0,0,Kensington,56.84
756,2019,1,21,0,0,29,Kensington,55.82
757,2019,1,21,0,0,58,Kensington,55.040001
758,2019,1,21,0,0,87,Kensington,56.459999
759,2019,1,21,0,46,0,Kensington,58.279999
760,2019,1,21,0,46,29,Kensington,57.369999
761,2019,1,21,0,46,58,Kensington,58.700001
762,2019,1,21,0,46,87,Kensington,56.77
763,2019,1,21,0,92,0,Kensington,58.66
764,2019,1,21,0,92,29,Kensington,57.509998
765,2019,1,21,0,92,58,Kensington,59.330002
766,2019,1,21,0,92,87,Kensington,59.189999
767,2019,1,21,22,0,0,Kensington,60.880001
768,2019,1,21,22,0,29,Kensington,60.73
769,2019,1,21,22,0,58,Kensington,62.220001
770,2019,1,21,22,0,87,Kensington,61.59
771,2019,1,21,22,46,0,Kensington,62.330002
772,2019,1,21,22,46,29,Kensington,64.260002
773,2019,1,21,22,46,58,Kensington,65.599998
774,2019,1,21,22,46,87,Kensington,64.699997
775,2019,1,21,22,92,0,Kensington,64.989998
776,2019,1,21,22,92,29,Kensington,63.57
777,2019,1,21,22,92,58,Kensington,64.82
778,2019,1,21,22,92,87,Kensington,63.91
779,2019,1,21,44,0,0,Kensington,64.800003
780,2019,1,21,44,0,29,Kensington,64.110001
781,2019,1,21,44,0,58,Kensington,63.110001
782,2019,1,21,44,0,87,Kensington,61.509998
783,2019,1,21,44,46,0,Kensington,61.860001
784,2019,1,21,44,46,29,Kensington,60.02
785,2019,1,21,44,46,58,Kensington,59.700001
786,2019,1,21,44,46,87,Kensington,58.73
787,2019,1,21,44,92,0,Kensington,57.110001
788,2019,1,21,44,92,29,Kensington,58.240002
789,2019,1,21,44,92,58,Kensington,58.299999
790,2019,1,21,44,92,87,Kensington,59.73
791,2019,1,31,0,0,0,Kensington,61.459999
792,2019,1,31,0,0,29,Kensington,62.93
793,2019,1,31,0,0,58,Kensington,61.619999
794,2019,1,31,0,0,87,Kensington,61.150002
795,2019,1,31,0,46,0,Kensington,60.150002
796,2019,1,31,0,46,29,Kensington,61.130001
797,2019,1,31,0,46,58,Kensington,62.970001
798,2019,1,31,0,46,87,Kensington,64.949997
799,2019,1,31,0,92,0,Kensington,64.949997
800,2019,1,31,0,92,29,Kensington,64.099998
801,2019,1,31,0,92,58,Kensington,64.800003
802,2019,1,31,0,92,87,Kensington,66.370003
803,2019,1,31,22,0,0,Kensington,67.5
804,2019,1,31,22,0,29,Kensington,68.0
805,2019,1,31,22,0,58,Kensington,67.370003
806,2019,1,31,22,0,87,Kensington,67.699997
807,2019,1,31,22,46,0,Kensington,68.019997
808,2019,1,31,22,46,29,Kensington,69.639999
809,2019,1,31,22,46,58,Kensington,70.709999
810,2019,1,31,22,46,87,Kensington,69.620003
811,2019,1,31,22,92,0,Kensington,69.550003
812,2019,1,31,22,92,29,Kensington,67.82
813,2019,1,31,22,92,58,Kensington,67.599998
814,2019,1,31,22,92,87,Kensington,68.040001
815,2019,1,31,44,0,0,Kensington,67.110001
816,2019,1,31,44,0,29,Kensington,65.699997
817,2019,1,31,44,0,58,Kensington,65.239998
818,2019,1,31,44,0,87,Kensington,67.099998
819,2019,1,31,44,46,0,Kensington,65.660004
820,2019,1,31,44,46,29,Kensington,67.660004
821,2019,1,31,44,46,58,Kensington,65.709999
822,2019,1,31,44,46,87,Kensington,64.199997
823,2019,1,31,44,92,0,Kensington,62.529999
824,2019,1,31,44,92,29,Kensington,61.619999
825,2019,1,31,44,92,58,Kensington,60.240002
826,2019,1,31,44,92,87,Kensington,61.509998
827,2019,2,1,0,0,0,Kensington,63.0
828,2019,2,1,0,0,29,Kensington,64.400002
829,2019,2,1,0,0,58,Kensington,66.199997
830,2019,2,1,0,0,87,Kensington,67.0
831,2019,2,1,0,46,0,Kensington,68.910004
832,2019,2,1,0,46,29,Kensington,67.68
833,2019,2,1,0,46,58,Kensington,68.300003
834,2019,2,1,0,46,87,Kensington,70.099998
835,2019,2,1,0,92,0,Kensington,68.099998
836,2019,2,1,0,92,29,Kensington,69.370003
837,2019,2,1,0,92,58,Kensington,69.199997
838,2019,2,1,0,92,87,Kensington,67.879997
839,2019,2,1,22,0,0,Kensington,66.260002
840,2019,2,1,22,0,29,Kensington,67.239998
841,2019,2,1,22,0,58,Kensington,66.040001
842,2019,2,1,22,0,87,Kensington,66.300003
843,2019,2,1,22,46,0,Kensington,66.330002
844,2019,2,1,22,46,29,Kensington,67.129997
845,2019,2,1,22,46,58,Kensington,67.309998
846,2019,2,1,22,46,87,Kensington,68.989998
847,2019,2,1,22,92,0,Kensington,68.099998
848,2019,2,1,22,92,29,Kensington,69.150002
849,2019,2,1,22,92,58,Kensington,68.129997
850,2019,2,1,22,92,87,Kensington,69.93
851,2019,2,1,44,0,0,Kensington,68.459999
852,2019,2,1,44,0,29,Kensington,69.82
853,2019,2,1,44,0,58,Kensington,67.839996
854,2019,2,1,44,0,87,Kensington,68.510002
855,2019,2,1,44,46,0,Kensington,68.129997
856,2019,2,1,44,46,29,Kensington,68.239998
857,2019,2,1,44,46,58,Kensington,66.699997
858,2019,2,1,44,46,87,Kensington,64.709999
859,2019,2,1,44,92,0,Kensington,66.309998
860,2019,2,1,44,92,29,Kensington,67.620003
861,2019,2,1,44,92,58,Kensington,66.0
862,2019,2,1,44,92,87,Kensington,65.75
863,2019,2,11,0,0,0,Kensington,65.949997
864,2019,2,11,0,0,29,Kensington,63.950001
865,2019,2,11,0,0,58,Kensington,65.389999
866,2019,2,11,0,0,87,Kensington,67.239998
867,2019,2,11,0,46,0,Kensington,68.879997
868,2019,2,11,0,46,29,Kensington,69.480003
869,2019,2,11,0,46,58,Kensington,70.639999
870,2019,2,11,0,46,87,Kensington,72.459999
871,2019,2,11,0,92,0,Kensington,73.5
872,2019,2,11,0,92,29,Kensington,74.860001
873,2019,2,11,0,92,58,Kensington,76.150002
874,2019,2,11,0,92,87,Kensington,76.099998
875,2019,2,11,22,0,0,Kensington,74.330002
876,2019,2,11,22,0,29,Kensington,75.400002
877,2019,2,11,22,0,58,Kensington,74.620003
878,2019,2,11,22,0,87,Kensington,73.040001
879,2019,2,11,22,46,0,Kensington,74.040001
880,2019,2,11,22,46,29,Kensington,74.790001
881,2019,2,11,22,46,58,Kensington,73.5
882,2019,2,11,22,46,87,Kensington,73.040001
883,2019,2,11,22,92,0,Kensington,73.550003
884,2019,2,11,22,92,29,Kensington,72.620003
885,2019,2,11,22,92,58,Kensington,71.599998
886,2019,2,11,22,92,87,Kensington,71.300003
887,2019,2,11,44,0,0,Kensington,70.860001
888,2019,2,11,44,0,29,Kensington,70.620003
889,2019,2,11,44,0,58,Kensington,71.970001
890,2019,2,11,44,0,87,Kensington,72.099998
891,2019,2,11,44,46,0,Kensington,71.389999
892,2019,2,11,44,46,29,Kensington,72.529999
893,2019,2,11,44,46,58,Kensington,72.110001
894,2019,2,11,44,46,87,Kensington,71.019997
895,2019,2,11,44,92,0,Kensington,69.330002
896,2019,2,11,44,92,29,Kensington,68.040001
897,2019,2,11,44,92,58,Kensington,68.099998
898,2019,2,11,44,92,87,Kensington,66.190002
899,2019,2,21,0,0,0,Kensington,66.080002
900,2019,2,21,0,0,29,Kensington,67.370003
901,2019,2,21,0,0,58,Kensington,67.769997
902,2019,2,21,0,0,87,Kensington,66.309998
903,2019,2,21,0,46,0,Kensington,65.82
904,2019,2,21,0,46,29,Kensington,65.75
905,2019,2,21,0,46,58,Kensington,63.990002
906,2019,2,21,0,46,87,Kensington,64.68
907,2019,2,21,0,92,0,Kensington,65.660004
908,2019,2,21,0,92,29,Kensington,64.550003
909,2019,2,21,0,92,58,Kensington,64.599998
910,2019,2,21,0,92,87,Kensington,66.199997
911,2019,2,21,22,0,0,Kensington,65.400002
912,2019,2,21,22,0,29,Kensington,64.550003
913,2019,2,21,22,0,58,Kensington,65.589996
914,2019,2,21,22,0,87,Kensington,65.309998
915,2019,2,21,22,46,0,Kensington,65.099998
916,2019,2,21,22,46,29,Kensington,63.950001
917,2019,2,21,22,46,58,Kensington,63.509998
918,2019,2,21,22,46,87,Kensington,64.529999
919,2019,2,21,22,92,0,Kensington,63.950001
920,2019,2,21,22,92,29,Kensington,61.990002
921,2019,2,21,22,92,58,Kensington,63.84
922,2019,2,21,22,92,87,Kensington,64.510002
923,2019,2,21,44,0,0,Kensington,66.199997
924,2019,2,21,44,0,29,Kensington,64.75
925,2019,2,21,44,0,58,Kensington,65.040001
926,2019,2,21,44,0,87,Kensington,66.57
927,2019,2,21,44,46,0,Kensington,65.970001
928,2019,2,21,44,46,29,Kensington,67.709999
929,2019,2,21,44,46,58,Kensington,68.839996
930,2019,2,21,44,46,87,Kensington,67.440002
931,2019,2,21,44,92,0,Kensington,65.910004
932,2019,2,21,44,92,29,Kensington,65.370003
933,2019,2,21,44,92,58,Kensington,65.260002
934,2019,2,21,44,92,87,Kensington,66.82
935,2019,2,31,0,0,0,Kensington,66.129997
936,2019,2,31,0,0,29,Kensington,65.0
937,2019,2,31,0,0,58,Kensington,64.110001
938,2019,2,31,0,0,87,Kensington,63.970001
939,2019,2,31,0,46,0,Kensington,64.110001
940,2019,2,31,0,46,29,Kensington,66.099998
941,2019,2,31,0,46,58,Kensington,65.440002
942,2019,2,31,0,46,87,Kensington,67.019997
943,2019,2,31,0,92,0,Kensington,66.459999
944,2019,2,31,0,92,29,Kensington,68.279999
945,2019,2,31,0,92,58,Kensington,70.040001
946,2019,2,31,0,92,87,Kensington,68.790001
947,2019,2,31,22,0,0,Kensington,67.110001
948,2019,2,31,22,0,29,Kensington,66.129997
949,2019,2,31,22,0,58,Kensington,68.059998
950,2019,2,31,22,0,87,Kensington,69.389999
951,2019,2,31,22,46,0,Kensington,70.059998
952,2019,2,31,22,46,29,Kensington,69.059998
953,2019,2,31,22,46,58,Kensington,70.019997
954,2019,2,31,22,46,87,Kensington,68.370003
955,2019,2,31,22,92,0,Kensington,66.639999
956,2019,2,31,22,92,29,Kensington,64.93
957,2019,2,31,22,92,58,Kensington,65.0
958,2019,2,31,22,92,87,Kensington,64.800003
959,2019,2,31,44,0,0,Kensington,63.02
960,2019,2,31,44,0,29,Kensington,62.599998
961,2019,2,31,44,0,58,Kensington,61.73
962,2019,2,31,44,0,87,Kensington,61.080002
963,2019,2,31,44,46,0,Kensington,60.75
964,2019,2,31,44,46,29,Kensington,61.73
965,2019,2,31,44,46,58,Kensington,59.950001
966,2019,2,31,44,46,87,Kensington,59.099998
967,2019,2,31,44,92,0,Kensington,57.310001
968,2019,2,31,44,92,29,Kensington,57.330002
969,2019,2,31,44,92,58,Kensington,55.860001
970,2019,2,31,44,92,87,Kensington,57.299999
971,2019,3,1,0,0,0,Kensington,55.700001
972,2019,3,1,0,0,29,Kensington,55.310001
973,2019,3,1,0,0,58,Kensington,53.369999
974,2019,3,1,0,0,87,Kensington,55.369999
975,2019,3,1,0,46,0,Kensington,56.66
976,2019,3,1,0,46,29,Kensington,58.060001
977,2019,3,1,0,46,58,Kensington,58.189999
978,2019,3,1,0,46,87,Kensington,56.57
979,2019,3,1,0,92,0,Kensington,54.970001
980,2019,3,1,0,92,29,Kensington,54.990002
981,2019,3,1,0,92,58,Kensington,55.299999
982,2019,3,1,0,92,87,Kensington,57.080002
983,2019,3,1,22,0,0,Kensington,55.529999
984,2019,3,1,22,0,29,Kensington,57.509998
985,2019,3,1,22,0,58,Kensington,58.549999
986,2019,3,1,22,0,87,Kensington,57.790001
987,2019,3,1,22,46,0,Kensington,56.099998
988,2019,3,1,22,46,29,Kensington,54.48
989,2019,3,1,22,46,58,Kensington,54.130001
990,2019,3,1,22,46,87,Kensington,52.200001
991,2019,3,1,22,92,0,Kensington,51.310001
992,2019,3,1,22,92,29,Kensington,51.439999
993,2019,3,1,22,92,58,Kensington,53.02
994,2019,3,1,22,92,87,Kensington,54.099998
995,2019,3,1,44,0,0,Kensington,52.299999
996,2019,3,1,44,0,29,Kensington,54.040001
997,2019,3,1,44,0,58,Kensington,54.040001
998,2019,3,1,44,0,87,Kensington,55.709999
999,2019,3,1,44,46,0,Kensington,56.349998
