YEAR,MONTH,DAY,HOUR,MINUTE,SECOND,LOCATION,TEMPERATURE,YEAR,MONTH,DAY,HOUR,MINUTE,SECOND,LOCATION,HUMIDITY
2019,8,16,0,0,29,Kensington,35.200001,2019,8,16,0,0,29,Kensington,75.910004
2019,8,16,0,0,29,Kensington,35.200001,2019,8,16,22,0,29,Kensington,79.879997
2019,8,16,0,0,29,Kensington,35.200001,2019,8,16,44,0,29,Kensington,83.099998
2019,8,16,0,0,58,Kensington,34.48,2019,8,16,0,0,58,Kensington,74.389999
2019,8,16,0,0,58,Kensington,34.48,2019,8,16,22,0,58,Kensington,78.370003
2019,8,16,0,0,58,Kensington,34.48,2019,8,16,44,0,58,Kensington,81.169998
2019,8,16,0,0,87,Kensington,32.73,2019,8,16,0,0,87,Kensington,74.110001
2019,8,16,0,0,87,Kensington,32.73,2019,8,16,22,0,87,Kensington,77.110001
2019,8,16,0,0,87,Kensington,32.73,2019,8,16,44,0,87,Kensington,81.510002
2019,8,16,0,46,0,Kensington,31.620001,2019,8,16,0,46,0,Kensington,75.129997
2019,8,16,0,46,0,Kensington,31.620001,2019,8,16,22,46,0,Kensington,78.800003
2019,8,16,0,46,0,Kensington,31.620001,2019,8,16,44,46,0,Kensington,80.839996
2019,8,16,0,46,29,Kensington,30.370001,2019,8,16,0,46,29,Kensington,74.769997
2019,8,16,0,46,29,Kensington,30.370001,2019,8,16,22,46,29,Kensington,80.419998
2019,8,16,0,46,29,Kensington,30.370001,2019,8,16,44,46,29,Kensington,79.949997
2019,8,16,0,46,58,Kensington,30.5,2019,8,16,0,46,58,Kensington,76.419998
2019,8,16,0,46,58,Kensington,30.5,2019,8,16,22,46,58,Kensington,80.589996
2019,8,16,0,46,58,Kensington,30.5,2019,8,16,44,46,58,Kensington,79.639999
2019,8,16,0,46,87,Kensington,29.42,2019,8,16,0,46,87,Kensington,77.199997
2019,8,16,0,46,87,Kensington,29.42,2019,8,16,22,46,87,Kensington,80.220001
2019,8,16,0,46,87,Kensington,29.42,2019,8,16,44,46,87,Kensington,80.879997
2019,8,16,11,0,0,Kensington,25.73,2019,8,16,22,0,0,Kensington,79.040001
2019,8,16,11,0,0,Kensington,25.73,2019,8,16,44,0,0,Kensington,81.389999
2019,8,16,11,0,29,Kensington,24.02,2019,8,16,0,0,29,Kensington,75.910004
2019,8,16,11,0,29,Kensington,24.02,2019,8,16,22,0,29,Kensington,79.879997
2019,8,16,11,0,29,Kensington,24.02,2019,8,16,44,0,29,Kensington,83.099998
2019,8,16,11,0,58,Kensington,23.15,2019,8,16,0,0,58,Kensington,74.389999
2019,8,16,11,0,58,Kensington,23.15,2019,8,16,22,0,58,Kensington,78.370003
2019,8,16,11,0,58,Kensington,23.15,2019,8,16,44,0,58,Kensington,81.169998
2019,8,16,11,0,87,Kensington,21.549999,2019,8,16,0,0,87,Kensington,74.110001
2019,8,16,11,0,87,Kensington,21.549999,2019,8,16,22,0,87,Kensington,77.110001
2019,8,16,11,0,87,Kensington,21.549999,2019,8,16,44,0,87,Kensington,81.510002
2019,8,16,11,46,0,Kensington,22.59,2019,8,16,0,46,0,Kensington,75.129997
2019,8,16,11,46,0,Kensington,22.59,2019,8,16,22,46,0,Kensington,78.800003
2019,8,16,11,46,0,Kensington,22.59,2019,8,16,44,46,0,Kensington,80.839996
2019,8,16,11,46,29,Kensington,22.969999,2019,8,16,0,46,29,Kensington,74.769997
2019,8,16,11,46,29,Kensington,22.969999,2019,8,16,22,46,29,Kensington,80.419998
2019,8,16,11,46,29,Kensington,22.969999,2019,8,16,44,46,29,Kensington,79.949997
2019,8,16,11,46,58,Kensington,21.110001,2019,8,16,0,46,58,Kensington,76.419998
2019,8,16,11,46,58,Kensington,21.110001,2019,8,16,22,46,58,Kensington,80.589996
2019,8,16,11,46,58,Kensington,21.110001,2019,8,16,44,46,58,Kensington,79.639999
2019,8,16,11,46,87,Kensington,19.190001,2019,8,16,0,46,87,Kensington,77.199997
2019,8,16,11,46,87,Kensington,19.190001,2019,8,16,22,46,87,Kensington,80.220001
2019,8,16,11,46,87,Kensington,19.190001,2019,8,16,44,46,87,Kensington,80.879997
2019,8,16,22,0,0,Kensington,19.389999,2019,8,16,22,0,0,Kensington,79.040001
2019,8,16,22,0,0,Kensington,19.389999,2019,8,16,44,0,0,Kensington,81.389999
2019,8,16,22,0,29,Kensington,21.219999,2019,8,16,0,0,29,Kensington,75.910004
2019,8,16,22,0,29,Kensington,21.219999,2019,8,16,22,0,29,Kensington,79.879997
2019,8,16,22,0,29,Kensington,21.219999,2019,8,16,44,0,29,Kensington,83.099998
2019,8,16,22,0,58,Kensington,20.200001,2019,8,16,0,0,58,Kensington,74.389999
2019,8,16,22,0,58,Kensington,20.200001,2019,8,16,22,0,58,Kensington,78.370003
2019,8,16,22,0,58,Kensington,20.200001,2019,8,16,44,0,58,Kensington,81.169998
2019,8,16,22,0,87,Kensington,21.66,2019,8,16,0,0,87,Kensington,74.110001
2019,8,16,22,0,87,Kensington,21.66,2019,8,16,22,0,87,Kensington,77.110001
2019,8,16,22,0,87,Kensington,21.66,2019,8,16,44,0,87,Kensington,81.510002
2019,8,16,22,46,0,Kensington,20.51,2019,8,16,0,46,0,Kensington,75.129997
2019,8,16,22,46,0,Kensington,20.51,2019,8,16,22,46,0,Kensington,78.800003
2019,8,16,22,46,0,Kensington,20.51,2019,8,16,44,46,0,Kensington,80.839996
2019,8,16,22,46,29,Kensington,21.99,2019,8,16,0,46,29,Kensington,74.769997
2019,8,16,22,46,29,Kensington,21.99,2019,8,16,22,46,29,Kensington,80.419998
2019,8,16,22,46,29,Kensington,21.99,2019,8,16,44,46,29,Kensington,79.949997
2019,8,16,22,46,58,Kensington,22.200001,2019,8,16,0,46,58,Kensington,76.419998
2019,8,16,22,46,58,Kensington,22.200001,2019,8,16,22,46,58,Kensington,80.589996
2019,8,16,22,46,58,Kensington,22.200001,2019,8,16,44,46,58,Kensington,79.639999
2019,8,16,22,46,87,Kensington,21.110001,2019,8,16,0,46,87,Kensington,77.199997
2019,8,16,22,46,87,Kensington,21.110001,2019,8,16,22,46,87,Kensington,80.220001
2019,8,16,22,46,87,Kensington,21.110001,2019,8,16,44,46,87,Kensington,80.879997
2019,8,16,33,0,0,Kensington,20.790001,2019,8,16,22,0,0,Kensington,79.040001
2019,8,16,33,0,0,Kensington,20.790001,2019,8,16,44,0,0,Kensington,81.389999
2019,8,16,33,0,29,Kensington,21.9,2019,8,16,0,0,29,Kensington,75.910004
2019,8,16,33,0,29,Kensington,21.9,2019,8,16,22,0,29,Kensington,79.879997
2019,8,16,33,0,29,Kensington,21.9,2019,8,16,44,0,29,Kensington,83.099998
2019,8,16,33,0,58,Kensington,22.6,2019,8,16,0,0,58,Kensington,74.389999
2019,8,16,33,0,58,Kensington,22.6,2019,8,16,22,0,58,Kensington,78.370003
2019,8,16,33,0,58,Kensington,22.6,2019,8,16,44,0,58,Kensington,81.169998
2019,8,16,33,0,87,Kensington,24.219999,2019,8,16,0,0,87,Kensington,74.110001
2019,8,16,33,0,87,Kensington,24.219999,2019,8,16,22,0,87,Kensington,77.110001
2019,8,16,33,0,87,Kensington,24.219999,2019,8,16,44,0,87,Kensington,81.510002
2019,8,16,33,46,0,Kensington,23.370001,2019,8,16,0,46,0,Kensington,75.129997
2019,8,16,33,46,0,Kensington,23.370001,2019,8,16,22,46,0,Kensington,78.800003
2019,8,16,33,46,0,Kensington,23.370001,2019,8,16,44,46,0,Kensington,80.839996
2019,8,16,33,46,29,Kensington,22.299999,2019,8,16,0,46,29,Kensington,74.769997
2019,8,16,33,46,29,Kensington,22.299999,2019,8,16,22,46,29,Kensington,80.419998
2019,8,16,33,46,29,Kensington,22.299999,2019,8,16,44,46,29,Kensington,79.949997
2019,8,16,33,46,58,Kensington,20.299999,2019,8,16,0,46,58,Kensington,76.419998
2019,8,16,33,46,58,Kensington,20.299999,2019,8,16,22,46,58,Kensington,80.589996
2019,8,16,33,46,58,Kensington,20.299999,2019,8,16,44,46,58,Kensington,79.639999
2019,8,16,33,46,87,Kensington,18.77,2019,8,16,0,46,87,Kensington,77.199997
2019,8,16,33,46,87,Kensington,18.77,2019,8,16,22,46,87,Kensington,80.220001
2019,8,16,33,46,87,Kensington,18.77,2019,8,16,44,46,87,Kensington,80.879997
2019,8,26,0,0,0,Kensington,13.19,2019,8,26,0,0,0,Kensington,79.309998
2019,8,26,0,0,0,Kensington,13.19,2019,8,26,22,0,0,Kensington,74.660004
2019,8,26,0,0,0,Kensington,13.19,2019,8,26,44,0,0,Kensington,77.730003
2019,8,26,0,0,29,Kensington,15.0,2019,8,26,0,0,29,Kensington,77.459999
2019,8,26,0,0,29,Kensington,15.0,2019,8,26,22,0,29,Kensington,73.699997
2019,8,26,0,0,29,Kensington,15.0,2019,8,26,44,0,29,Kensington,79.239998
2019,8,26,0,0,58,Kensington,15.17,2019,8,26,0,0,58,Kensington,78.790001
2019,8,26,0,0,58,Kensington,15.17,2019,8,26,22,0,58,Kensington,72.040001
2019,8,26,0,0,58,Kensington,15.17,2019,8,26,44,0,58,Kensington,79.190002
2019,8,26,0,0,87,Kensington,14.48,2019,8,26,0,0,87,Kensington,78.589996
2019,8,26,0,0,87,Kensington,14.48,2019,8,26,22,0,87,Kensington,72.68
2019,8,26,0,0,87,Kensington,14.48,2019,8,26,44,0,87,Kensington,80.949997
2019,8,26,0,46,0,Kensington,15.02,2019,8,26,0,46,0,Kensington,78.110001
2019,8,26,0,46,0,Kensington,15.02,2019,8,26,22,46,0,Kensington,73.620003
2019,8,26,0,46,0,Kensington,15.02,2019,8,26,44,46,0,Kensington,79.709999
2019,8,26,0,46,29,Kensington,15.0,2019,8,26,0,46,29,Kensington,77.699997
2019,8,26,0,46,29,Kensington,15.0,2019,8,26,22,46,29,Kensington,72.82
2019,8,26,0,46,29,Kensington,15.0,2019,8,26,44,46,29,Kensington,81.190002
2019,8,26,0,46,58,Kensington,14.22,2019,8,26,0,46,58,Kensington,76.309998
2019,8,26,0,46,58,Kensington,14.22,2019,8,26,22,46,58,Kensington,74.529999
2019,8,26,0,46,58,Kensington,14.22,2019,8,26,44,46,58,Kensington,82.699997
2019,8,26,0,46,87,Kensington,13.95,2019,8,26,0,46,87,Kensington,78.190002
2019,8,26,0,46,87,Kensington,13.95,2019,8,26,22,46,87,Kensington,75.330002
2019,8,26,0,46,87,Kensington,13.95,2019,8,26,44,46,87,Kensington,82.480003
2019,8,26,11,0,0,Kensington,12.1,2019,8,26,0,0,0,Kensington,79.309998
2019,8,26,11,0,0,Kensington,12.1,2019,8,26,22,0,0,Kensington,74.660004
2019,8,26,11,0,0,Kensington,12.1,2019,8,26,44,0,0,Kensington,77.730003
2019,8,26,11,0,29,Kensington,12.88,2019,8,26,0,0,29,Kensington,77.459999
2019,8,26,11,0,29,Kensington,12.88,2019,8,26,22,0,29,Kensington,73.699997
2019,8,26,11,0,29,Kensington,12.88,2019,8,26,44,0,29,Kensington,79.239998
2019,8,26,11,0,58,Kensington,12.77,2019,8,26,0,0,58,Kensington,78.790001
2019,8,26,11,0,58,Kensington,12.77,2019,8,26,22,0,58,Kensington,72.040001
2019,8,26,11,0,58,Kensington,12.77,2019,8,26,44,0,58,Kensington,79.190002
2019,8,26,11,0,87,Kensington,12.17,2019,8,26,0,0,87,Kensington,78.589996
2019,8,26,11,0,87,Kensington,12.17,2019,8,26,22,0,87,Kensington,72.68
2019,8,26,11,0,87,Kensington,12.17,2019,8,26,44,0,87,Kensington,80.949997
2019,8,26,11,46,0,Kensington,15.46,2019,8,26,0,46,0,Kensington,78.110001
2019,8,26,11,46,0,Kensington,15.46,2019,8,26,22,46,0,Kensington,73.620003
2019,8,26,11,46,0,Kensington,15.46,2019,8,26,44,46,0,Kensington,79.709999
2019,8,26,11,46,29,Kensington,15.62,2019,8,26,0,46,29,Kensington,77.699997
2019,8,26,11,46,29,Kensington,15.62,2019,8,26,22,46,29,Kensington,72.82
2019,8,26,11,46,29,Kensington,15.62,2019,8,26,44,46,29,Kensington,81.190002
2019,8,26,11,46,58,Kensington,14.8,2019,8,26,0,46,58,Kensington,76.309998
2019,8,26,11,46,58,Kensington,14.8,2019,8,26,22,46,58,Kensington,74.529999
2019,8,26,11,46,58,Kensington,14.8,2019,8,26,44,46,58,Kensington,82.699997
2019,8,26,11,46,87,Kensington,15.99,2019,8,26,0,46,87,Kensington,78.190002
2019,8,26,11,46,87,Kensington,15.99,2019,8,26,22,46,87,Kensington,75.330002
2019,8,26,11,46,87,Kensington,15.99,2019,8,26,44,46,87,Kensington,82.480003
2019,8,26,22,0,0,Kensington,17.9,2019,8,26,0,0,0,Kensington,79.309998
2019,8,26,22,0,0,Kensington,17.9,2019,8,26,22,0,0,Kensington,74.660004
2019,8,26,22,0,0,Kensington,17.9,2019,8,26,44,0,0,Kensington,77.730003
2019,8,26,22,0,29,Kensington,16.84,2019,8,26,0,0,29,Kensington,77.459999
2019,8,26,22,0,29,Kensington,16.84,2019,8,26,22,0,29,Kensington,73.699997
2019,8,26,22,0,29,Kensington,16.84,2019,8,26,44,0,29,Kensington,79.239998
2019,8,26,22,0,58,Kensington,18.51,2019,8,26,0,0,58,Kensington,78.790001
2019,8,26,22,0,58,Kensington,18.51,2019,8,26,22,0,58,Kensington,72.040001
2019,8,26,22,0,58,Kensington,18.51,2019,8,26,44,0,58,Kensington,79.190002
2019,8,26,22,0,87,Kensington,16.93,2019,8,26,0,0,87,Kensington,78.589996
2019,8,26,22,0,87,Kensington,16.93,2019,8,26,22,0,87,Kensington,72.68
2019,8,26,22,0,87,Kensington,16.93,2019,8,26,44,0,87,Kensington,80.949997
2019,8,26,22,46,0,Kensington,20.33,2019,8,26,0,46,0,Kensington,78.110001
2019,8,26,22,46,0,Kensington,20.33,2019,8,26,22,46,0,Kensington,73.620003
2019,8,26,22,46,0,Kensington,20.33,2019,8,26,44,46,0,Kensington,79.709999
2019,8,26,22,46,29,Kensington,21.059999,2019,8,26,0,46,29,Kensington,77.699997
2019,8,26,22,46,29,Kensington,21.059999,2019,8,26,22,46,29,Kensington,72.82
2019,8,26,22,46,29,Kensington,21.059999,2019,8,26,44,46,29,Kensington,81.190002
2019,8,26,22,46,58,Kensington,22.040001,2019,8,26,0,46,58,Kensington,76.309998
2019,8,26,22,46,58,Kensington,22.040001,2019,8,26,22,46,58,Kensington,74.529999
2019,8,26,22,46,58,Kensington,22.040001,2019,8,26,44,46,58,Kensington,82.699997
2019,8,26,22,46,87,Kensington,20.879999,2019,8,26,0,46,87,Kensington,78.190002
2019,8,26,22,46,87,Kensington,20.879999,2019,8,26,22,46,87,Kensington,75.330002
2019,8,26,22,46,87,Kensington,20.879999,2019,8,26,44,46,87,Kensington,82.480003
2019,8,26,33,0,0,Kensington,23.42,2019,8,26,0,0,0,Kensington,79.309998
2019,8,26,33,0,0,Kensington,23.42,2019,8,26,22,0,0,Kensington,74.660004
2019,8,26,33,0,0,Kensington,23.42,2019,8,26,44,0,0,Kensington,77.730003
2019,8,26,33,0,29,Kensington,22.280001,2019,8,26,0,0,29,Kensington,77.459999
2019,8,26,33,0,29,Kensington,22.280001,2019,8,26,22,0,29,Kensington,73.699997
2019,8,26,33,0,29,Kensington,22.280001,2019,8,26,44,0,29,Kensington,79.239998
2019,8,26,33,0,58,Kensington,23.0,2019,8,26,0,0,58,Kensington,78.790001
2019,8,26,33,0,58,Kensington,23.0,2019,8,26,22,0,58,Kensington,72.040001
2019,8,26,33,0,58,Kensington,23.0,2019,8,26,44,0,58,Kensington,79.190002
2019,8,26,33,0,87,Kensington,23.190001,2019,8,26,0,0,87,Kensington,78.589996
2019,8,26,33,0,87,Kensington,23.190001,2019,8,26,22,0,87,Kensington,72.68
2019,8,26,33,0,87,Kensington,23.190001,2019,8,26,44,0,87,Kensington,80.949997
2019,8,26,33,46,0,Kensington,25.879999,2019,8,26,0,46,0,Kensington,78.110001
2019,8,26,33,46,0,Kensington,25.879999,2019,8,26,22,46,0,Kensington,73.620003
2019,8,26,33,46,0,Kensington,25.879999,2019,8,26,44,46,0,Kensington,79.709999
2019,8,26,33,46,29,Kensington,24.1,2019,8,26,0,46,29,Kensington,77.699997
2019,8,26,33,46,29,Kensington,24.1,2019,8,26,22,46,29,Kensington,72.82
2019,8,26,33,46,29,Kensington,24.1,2019,8,26,44,46,29,Kensington,81.190002
2019,8,26,33,46,58,Kensington,25.620001,2019,8,26,0,46,58,Kensington,76.309998
2019,8,26,33,46,58,Kensington,25.620001,2019,8,26,22,46,58,Kensington,74.529999
2019,8,26,33,46,58,Kensington,25.620001,2019,8,26,44,46,58,Kensington,82.699997
2019,8,26,33,46,87,Kensington,24.280001,2019,8,26,0,46,87,Kensington,78.190002
2019,8,26,33,46,87,Kensington,24.280001,2019,8,26,22,46,87,Kensington,75.330002
2019,8,26,33,46,87,Kensington,24.280001,2019,8,26,44,46,87,Kensington,82.480003
2019,9,1,0,0,0,Kensington,28.969999,2019,9,1,0,0,0,Kensington,87.790001
2019,9,1,0,0,0,Kensington,28.969999,2019,9,1,22,0,0,Kensington,91.370003
2019,9,1,0,0,0,Kensington,28.969999,2019,9,1,44,0,0,Kensington,90.260002
2019,9,1,0,0,29,Kensington,27.15,2019,9,1,0,0,29,Kensington,89.480003
2019,9,1,0,0,29,Kensington,27.15,2019,9,1,22,0,29,Kensington,91.440002
2019,9,1,0,0,29,Kensington,27.15,2019,9,1,44,0,29,Kensington,89.129997
2019,9,1,0,0,58,Kensington,28.440001,2019,9,1,0,0,58,Kensington,91.150002
2019,9,1,0,0,58,Kensington,28.440001,2019,9,1,22,0,58,Kensington,91.75
2019,9,1,0,0,58,Kensington,28.440001,2019,9,1,44,0,58,Kensington,87.949997
2019,9,1,0,0,87,Kensington,27.02,2019,9,1,0,0,87,Kensington,89.589996
2019,9,1,0,0,87,Kensington,27.02,2019,9,1,22,0,87,Kensington,92.440002
2019,9,1,0,0,87,Kensington,27.02,2019,9,1,44,0,87,Kensington,89.080002
2019,9,1,0,46,0,Kensington,26.91,2019,9,1,0,46,0,Kensington,91.199997
2019,9,1,0,46,0,Kensington,26.91,2019,9,1,22,46,0,Kensington,92.599998
2019,9,1,0,46,0,Kensington,26.91,2019,9,1,44,46,0,Kensington,89.730003
2019,9,1,0,46,29,Kensington,25.059999,2019,9,1,0,46,29,Kensington,89.589996
2019,9,1,0,46,29,Kensington,25.059999,2019,9,1,22,46,29,Kensington,91.300003
2019,9,1,0,46,29,Kensington,25.059999,2019,9,1,44,46,29,Kensington,91.349998
2019,9,1,0,46,58,Kensington,26.48,2019,9,1,0,46,58,Kensington,88.440002
2019,9,1,0,46,58,Kensington,26.48,2019,9,1,22,46,58,Kensington,90.709999
2019,9,1,0,46,58,Kensington,26.48,2019,9,1,44,46,58,Kensington,91.440002
2019,9,1,0,46,87,Kensington,25.370001,2019,9,1,0,46,87,Kensington,86.949997
2019,9,1,0,46,87,Kensington,25.370001,2019,9,1,22,46,87,Kensington,91.709999
2019,9,1,0,46,87,Kensington,25.370001,2019,9,1,44,46,87,Kensington,89.730003
2019,9,1,11,0,0,Kensington,29.200001,2019,9,1,0,0,0,Kensington,87.790001
2019,9,1,11,0,0,Kensington,29.200001,2019,9,1,22,0,0,Kensington,91.370003
2019,9,1,11,0,0,Kensington,29.200001,2019,9,1,44,0,0,Kensington,90.260002
2019,9,1,11,0,29,Kensington,28.42,2019,9,1,0,0,29,Kensington,89.480003
2019,9,1,11,0,29,Kensington,28.42,2019,9,1,22,0,29,Kensington,91.440002
2019,9,1,11,0,29,Kensington,28.42,2019,9,1,44,0,29,Kensington,89.129997
2019,9,1,11,0,58,Kensington,26.879999,2019,9,1,0,0,58,Kensington,91.150002
2019,9,1,11,0,58,Kensington,26.879999,2019,9,1,22,0,58,Kensington,91.75
2019,9,1,11,0,58,Kensington,26.879999,2019,9,1,44,0,58,Kensington,87.949997
2019,9,1,11,0,87,Kensington,26.280001,2019,9,1,0,0,87,Kensington,89.589996
2019,9,1,11,0,87,Kensington,26.280001,2019,9,1,22,0,87,Kensington,92.440002
2019,9,1,11,0,87,Kensington,26.280001,2019,9,1,44,0,87,Kensington,89.080002
2019,9,1,11,46,0,Kensington,22.66,2019,9,1,0,46,0,Kensington,91.199997
2019,9,1,11,46,0,Kensington,22.66,2019,9,1,22,46,0,Kensington,92.599998
2019,9,1,11,46,0,Kensington,22.66,2019,9,1,44,46,0,Kensington,89.730003
2019,9,1,11,46,29,Kensington,24.389999,2019,9,1,0,46,29,Kensington,89.589996
2019,9,1,11,46,29,Kensington,24.389999,2019,9,1,22,46,29,Kensington,91.300003
2019,9,1,11,46,29,Kensington,24.389999,2019,9,1,44,46,29,Kensington,91.349998
2019,9,1,11,46,58,Kensington,23.1,2019,9,1,0,46,58,Kensington,88.440002
2019,9,1,11,46,58,Kensington,23.1,2019,9,1,22,46,58,Kensington,90.709999
2019,9,1,11,46,58,Kensington,23.1,2019,9,1,44,46,58,Kensington,91.440002
2019,9,1,11,46,87,Kensington,22.459999,2019,9,1,0,46,87,Kensington,86.949997
2019,9,1,11,46,87,Kensington,22.459999,2019,9,1,22,46,87,Kensington,91.709999
2019,9,1,11,46,87,Kensington,22.459999,2019,9,1,44,46,87,Kensington,89.730003
2019,9,1,22,0,0,Kensington,27.190001,2019,9,1,0,0,0,Kensington,87.790001
2019,9,1,22,0,0,Kensington,27.190001,2019,9,1,22,0,0,Kensington,91.370003
2019,9,1,22,0,0,Kensington,27.190001,2019,9,1,44,0,0,Kensington,90.260002
2019,9,1,22,0,29,Kensington,27.530001,2019,9,1,0,0,29,Kensington,89.480003
2019,9,1,22,0,29,Kensington,27.530001,2019,9,1,22,0,29,Kensington,91.440002
2019,9,1,22,0,29,Kensington,27.530001,2019,9,1,44,0,29,Kensington,89.129997
2019,9,1,22,0,58,Kensington,28.17,2019,9,1,0,0,58,Kensington,91.150002
2019,9,1,22,0,58,Kensington,28.17,2019,9,1,22,0,58,Kensington,91.75
2019,9,1,22,0,58,Kensington,28.17,2019,9,1,44,0,58,Kensington,87.949997
2019,9,1,22,0,87,Kensington,26.370001,2019,9,1,0,0,87,Kensington,89.589996
2019,9,1,22,0,87,Kensington,26.370001,2019,9,1,22,0,87,Kensington,92.440002
2019,9,1,22,0,87,Kensington,26.370001,2019,9,1,44,0,87,Kensington,89.080002
2019,9,1,22,46,0,Kensington,25.93,2019,9,1,0,46,0,Kensington,91.199997
2019,9,1,22,46,0,Kensington,25.93,2019,9,1,22,46,0,Kensington,92.599998
2019,9,1,22,46,0,Kensington,25.93,2019,9,1,44,46,0,Kensington,89.730003
2019,9,1,22,46,29,Kensington,26.99,2019,9,1,0,46,29,Kensington,89.589996
2019,9,1,22,46,29,Kensington,26.99,2019,9,1,22,46,29,Kensington,91.300003
2019,9,1,22,46,29,Kensington,26.99,2019,9,1,44,46,29,Kensington,91.349998
2019,9,1,22,46,58,Kensington,26.51,2019,9,1,0,46,58,Kensington,88.440002
2019,9,1,22,46,58,Kensington,26.51,2019,9,1,22,46,58,Kensington,90.709999
2019,9,1,22,46,58,Kensington,26.51,2019,9,1,44,46,58,Kensington,91.440002
2019,9,1,22,46,87,Kensington,28.51,2019,9,1,0,46,87,Kensington,86.949997
2019,9,1,22,46,87,Kensington,28.51,2019,9,1,22,46,87,Kensington,91.709999
2019,9,1,22,46,87,Kensington,28.51,2019,9,1,44,46,87,Kensington,89.730003
2019,9,1,33,0,0,Kensington,27.950001,2019,9,1,0,0,0,Kensington,87.790001
2019,9,1,33,0,0,Kensington,27.950001,2019,9,1,22,0,0,Kensington,91.370003
2019,9,1,33,0,0,Kensington,27.950001,2019,9,1,44,0,0,Kensington,90.260002
2019,9,1,33,0,29,Kensington,27.99,2019,9,1,0,0,29,Kensington,89.480003
2019,9,1,33,0,29,Kensington,27.99,2019,9,1,22,0,29,Kensington,91.440002
2019,9,1,33,0,29,Kensington,27.99,2019,9,1,44,0,29,Kensington,89.129997
2019,9,1,33,0,58,Kensington,27.6,2019,9,1,0,0,58,Kensington,91.150002
2019,9,1,33,0,58,Kensington,27.6,2019,9,1,22,0,58,Kensington,91.75
2019,9,1,33,0,58,Kensington,27.6,2019,9,1,44,0,58,Kensington,87.949997
2019,9,1,33,0,87,Kensington,27.190001,2019,9,1,0,0,87,Kensington,89.589996
2019,9,1,33,0,87,Kensington,27.190001,2019,9,1,22,0,87,Kensington,92.440002
2019,9,1,33,0,87,Kensington,27.190001,2019,9,1,44,0,87,Kensington,89.080002
2019,9,1,33,46,0,Kensington,26.33,2019,9,1,0,46,0,Kensington,91.199997
2019,9,1,33,46,0,Kensington,26.33,2019,9,1,22,46,0,Kensington,92.599998
2019,9,1,33,46,0,Kensington,26.33,2019,9,1,44,46,0,Kensington,89.730003
2019,9,1,33,46,29,Kensington,28.02,2019,9,1,0,46,29,Kensington,89.589996
2019,9,1,33,46,29,Kensington,28.02,2019,9,1,22,46,29,Kensington,91.300003
2019,9,1,33,46,29,Kensington,28.02,2019,9,1,44,46,29,Kensington,91.349998
2019,9,1,33,46,58,Kensington,29.190001,2019,9,1,0,46,58,Kensington,88.440002
2019,9,1,33,46,58,Kensington,29.190001,2019,9,1,22,46,58,Kensington,90.709999
2019,9,1,33,46,58,Kensington,29.190001,2019,9,1,44,46,58,Kensington,91.440002
2019,9,1,33,46,87,Kensington,31.0,2019,9,1,0,46,87,Kensington,86.949997
2019,9,1,33,46,87,Kensington,31.0,2019,9,1,22,46,87,Kensington,91.709999
2019,9,1,33,46,87,Kensington,31.0,2019,9,1,44,46,87,Kensington,89.730003
2019,9,11,0,0,0,Kensington,23.77,2019,9,11,0,0,0,Kensington,88.699997
2019,9,11,0,0,0,Kensington,23.77,2019,9,11,22,0,0,Kensington,87.040001
2019,9,11,0,0,0,Kensington,23.77,2019,9,11,44,0,0,Kensington,91.82
2019,9,11,0,0,29,Kensington,22.82,2019,9,11,0,0,29,Kensington,89.300003
2019,9,11,0,0,29,Kensington,22.82,2019,9,11,22,0,29,Kensington,87.300003
2019,9,11,0,0,29,Kensington,22.82,2019,9,11,44,0,29,Kensington,93.400002
2019,9,11,0,0,58,Kensington,22.370001,2019,9,11,0,0,58,Kensington,87.970001
2019,9,11,0,0,58,Kensington,22.370001,2019,9,11,22,0,58,Kensington,87.510002
2019,9,11,0,0,58,Kensington,22.370001,2019,9,11,44,0,58,Kensington,91.400002
2019,9,11,0,0,87,Kensington,22.370001,2019,9,11,0,0,87,Kensington,87.529999
2019,9,11,0,0,87,Kensington,22.370001,2019,9,11,22,0,87,Kensington,89.300003
2019,9,11,0,0,87,Kensington,22.370001,2019,9,11,44,0,87,Kensington,91.199997
2019,9,11,0,46,0,Kensington,25.35,2019,9,11,0,46,0,Kensington,86.730003
2019,9,11,0,46,0,Kensington,25.35,2019,9,11,22,46,0,Kensington,90.169998
2019,9,11,0,46,0,Kensington,25.35,2019,9,11,44,46,0,Kensington,89.660004
2019,9,11,0,46,29,Kensington,23.99,2019,9,11,0,46,29,Kensington,86.769997
2019,9,11,0,46,29,Kensington,23.99,2019,9,11,22,46,29,Kensington,89.57
2019,9,11,0,46,29,Kensington,23.99,2019,9,11,44,46,29,Kensington,91.620003
2019,9,11,0,46,58,Kensington,22.17,2019,9,11,0,46,58,Kensington,84.860001
2019,9,11,0,46,58,Kensington,22.17,2019,9,11,22,46,58,Kensington,91.550003
2019,9,11,0,46,58,Kensington,22.17,2019,9,11,44,46,58,Kensington,92.790001
2019,9,11,0,46,87,Kensington,23.91,2019,9,11,0,46,87,Kensington,85.790001
2019,9,11,0,46,87,Kensington,23.91,2019,9,11,22,46,87,Kensington,91.57
2019,9,11,0,46,87,Kensington,23.91,2019,9,11,44,46,87,Kensington,90.839996
2019,9,11,11,0,0,Kensington,21.42,2019,9,11,0,0,0,Kensington,88.699997
2019,9,11,11,0,0,Kensington,21.42,2019,9,11,22,0,0,Kensington,87.040001
2019,9,11,11,0,0,Kensington,21.42,2019,9,11,44,0,0,Kensington,91.82
2019,9,11,11,0,29,Kensington,22.5,2019,9,11,0,0,29,Kensington,89.300003
2019,9,11,11,0,29,Kensington,22.5,2019,9,11,22,0,29,Kensington,87.300003
2019,9,11,11,0,29,Kensington,22.5,2019,9,11,44,0,29,Kensington,93.400002
2019,9,11,11,0,58,Kensington,24.08,2019,9,11,0,0,58,Kensington,87.970001
2019,9,11,11,0,58,Kensington,24.08,2019,9,11,22,0,58,Kensington,87.510002
2019,9,11,11,0,58,Kensington,24.08,2019,9,11,44,0,58,Kensington,91.400002
2019,9,11,11,0,87,Kensington,25.17,2019,9,11,0,0,87,Kensington,87.529999
2019,9,11,11,0,87,Kensington,25.17,2019,9,11,22,0,87,Kensington,89.300003
2019,9,11,11,0,87,Kensington,25.17,2019,9,11,44,0,87,Kensington,91.199997
2019,9,11,11,46,0,Kensington,20.24,2019,9,11,0,46,0,Kensington,86.730003
2019,9,11,11,46,0,Kensington,20.24,2019,9,11,22,46,0,Kensington,90.169998
2019,9,11,11,46,0,Kensington,20.24,2019,9,11,44,46,0,Kensington,89.660004
2019,9,11,11,46,29,Kensington,18.35,2019,9,11,0,46,29,Kensington,86.769997
2019,9,11,11,46,29,Kensington,18.35,2019,9,11,22,46,29,Kensington,89.57
2019,9,11,11,46,29,Kensington,18.35,2019,9,11,44,46,29,Kensington,91.620003
2019,9,11,11,46,58,Kensington,17.440001,2019,9,11,0,46,58,Kensington,84.860001
2019,9,11,11,46,58,Kensington,17.440001,2019,9,11,22,46,58,Kensington,91.550003
2019,9,11,11,46,58,Kensington,17.440001,2019,9,11,44,46,58,Kensington,92.790001
2019,9,11,11,46,87,Kensington,18.24,2019,9,11,0,46,87,Kensington,85.790001
2019,9,11,11,46,87,Kensington,18.24,2019,9,11,22,46,87,Kensington,91.57
2019,9,11,11,46,87,Kensington,18.24,2019,9,11,44,46,87,Kensington,90.839996
2019,9,11,22,0,0,Kensington,15.68,2019,9,11,0,0,0,Kensington,88.699997
2019,9,11,22,0,0,Kensington,15.68,2019,9,11,22,0,0,Kensington,87.040001
2019,9,11,22,0,0,Kensington,15.68,2019,9,11,44,0,0,Kensington,91.82
2019,9,11,22,0,29,Kensington,13.93,2019,9,11,0,0,29,Kensington,89.300003
2019,9,11,22,0,29,Kensington,13.93,2019,9,11,22,0,29,Kensington,87.300003
2019,9,11,22,0,29,Kensington,13.93,2019,9,11,44,0,29,Kensington,93.400002
2019,9,11,22,0,58,Kensington,15.53,2019,9,11,0,0,58,Kensington,87.970001
2019,9,11,22,0,58,Kensington,15.53,2019,9,11,22,0,58,Kensington,87.510002
2019,9,11,22,0,58,Kensington,15.53,2019,9,11,44,0,58,Kensington,91.400002
2019,9,11,22,0,87,Kensington,15.04,2019,9,11,0,0,87,Kensington,87.529999
2019,9,11,22,0,87,Kensington,15.04,2019,9,11,22,0,87,Kensington,89.300003
2019,9,11,22,0,87,Kensington,15.04,2019,9,11,44,0,87,Kensington,91.199997
2019,9,11,22,46,0,Kensington,18.110001,2019,9,11,0,46,0,Kensington,86.730003
2019,9,11,22,46,0,Kensington,18.110001,2019,9,11,22,46,0,Kensington,90.169998
2019,9,11,22,46,0,Kensington,18.110001,2019,9,11,44,46,0,Kensington,89.660004
2019,9,11,22,46,29,Kensington,17.66,2019,9,11,0,46,29,Kensington,86.769997
2019,9,11,22,46,29,Kensington,17.66,2019,9,11,22,46,29,Kensington,89.57
2019,9,11,22,46,29,Kensington,17.66,2019,9,11,44,46,29,Kensington,91.620003
2019,9,11,22,46,58,Kensington,16.309999,2019,9,11,0,46,58,Kensington,84.860001
2019,9,11,22,46,58,Kensington,16.309999,2019,9,11,22,46,58,Kensington,91.550003
2019,9,11,22,46,58,Kensington,16.309999,2019,9,11,44,46,58,Kensington,92.790001
2019,9,11,22,46,87,Kensington,17.709999,2019,9,11,0,46,87,Kensington,85.790001
2019,9,11,22,46,87,Kensington,17.709999,2019,9,11,22,46,87,Kensington,91.57
2019,9,11,22,46,87,Kensington,17.709999,2019,9,11,44,46,87,Kensington,90.839996
2019,9,11,33,0,0,Kensington,18.639999,2019,9,11,0,0,0,Kensington,88.699997
2019,9,11,33,0,0,Kensington,18.639999,2019,9,11,22,0,0,Kensington,87.040001
2019,9,11,33,0,0,Kensington,18.639999,2019,9,11,44,0,0,Kensington,91.82
2019,9,11,33,0,29,Kensington,17.639999,2019,9,11,0,0,29,Kensington,89.300003
2019,9,11,33,0,29,Kensington,17.639999,2019,9,11,22,0,29,Kensington,87.300003
2019,9,11,33,0,29,Kensington,17.639999,2019,9,11,44,0,29,Kensington,93.400002
2019,9,11,33,0,58,Kensington,15.99,2019,9,11,0,0,58,Kensington,87.970001
2019,9,11,33,0,58,Kensington,15.99,2019,9,11,22,0,58,Kensington,87.510002
2019,9,11,33,0,58,Kensington,15.99,2019,9,11,44,0,58,Kensington,91.400002
2019,9,11,33,0,87,Kensington,14.1,2019,9,11,0,0,87,Kensington,87.529999
2019,9,11,33,0,87,Kensington,14.1,2019,9,11,22,0,87,Kensington,89.300003
2019,9,11,33,0,87,Kensington,14.1,2019,9,11,44,0,87,Kensington,91.199997
2019,9,11,33,46,0,Kensington,13.95,2019,9,11,0,46,0,Kensington,86.730003
2019,9,11,33,46,0,Kensington,13.95,2019,9,11,22,46,0,Kensington,90.169998
2019,9,11,33,46,0,Kensington,13.95,2019,9,11,44,46,0,Kensington,89.660004
2019,9,11,33,46,29,Kensington,15.39,2019,9,11,0,46,29,Kensington,86.769997
2019,9,11,33,46,29,Kensington,15.39,2019,9,11,22,46,29,Kensington,89.57
2019,9,11,33,46,29,Kensington,15.39,2019,9,11,44,46,29,Kensington,91.620003
2019,9,11,33,46,58,Kensington,14.6,2019,9,11,0,46,58,Kensington,84.860001
2019,9,11,33,46,58,Kensington,14.6,2019,9,11,22,46,58,Kensington,91.550003
2019,9,11,33,46,58,Kensington,14.6,2019,9,11,44,46,58,Kensington,92.790001
2019,9,11,33,46,87,Kensington,14.4,2019,9,11,0,46,87,Kensington,85.790001
2019,9,11,33,46,87,Kensington,14.4,2019,9,11,22,46,87,Kensington,91.57
2019,9,11,33,46,87,Kensington,14.4,2019,9,11,44,46,87,Kensington,90.839996
2019,9,21,0,0,0,Kensington,27.440001,2019,9,21,0,0,0,Kensington,89.300003
2019,9,21,0,0,0,Kensington,27.440001,2019,9,21,22,0,0,Kensington,83.040001
2019,9,21,0,0,0,Kensington,27.440001,2019,9,21,44,0,0,Kensington,79.440002
2019,9,21,0,0,29,Kensington,28.700001,2019,9,21,0,0,29,Kensington,87.879997
2019,9,21,0,0,29,Kensington,28.700001,2019,9,21,22,0,29,Kensington,84.169998
2019,9,21,0,0,29,Kensington,28.700001,2019,9,21,44,0,29,Kensington,77.860001
2019,9,21,0,0,58,Kensington,28.02,2019,9,21,0,0,58,Kensington,86.970001
2019,9,21,0,0,58,Kensington,28.02,2019,9,21,22,0,58,Kensington,84.769997
2019,9,21,0,0,58,Kensington,28.02,2019,9,21,44,0,58,Kensington,76.440002
2019,9,21,0,0,87,Kensington,29.91,2019,9,21,0,0,87,Kensington,86.099998
2019,9,21,0,0,87,Kensington,29.91,2019,9,21,22,0,87,Kensington,86.620003
2019,9,21,0,0,87,Kensington,29.91,2019,9,21,44,0,87,Kensington,74.660004
2019,9,21,0,46,0,Kensington,36.84,2019,9,21,0,46,0,Kensington,85.440002
2019,9,21,0,46,0,Kensington,36.84,2019,9,21,22,46,0,Kensington,84.900002
2019,9,21,0,46,0,Kensington,36.84,2019,9,21,44,46,0,Kensington,74.330002
2019,9,21,0,46,29,Kensington,38.389999,2019,9,21,0,46,29,Kensington,84.279999
2019,9,21,0,46,29,Kensington,38.389999,2019,9,21,22,46,29,Kensington,83.059998
2019,9,21,0,46,29,Kensington,38.389999,2019,9,21,44,46,29,Kensington,73.860001
2019,9,21,0,46,58,Kensington,38.130001,2019,9,21,0,46,58,Kensington,84.169998
2019,9,21,0,46,58,Kensington,38.130001,2019,9,21,22,46,58,Kensington,81.110001
2019,9,21,0,46,58,Kensington,38.130001,2019,9,21,44,46,58,Kensington,72.459999
2019,9,21,0,46,87,Kensington,38.349998,2019,9,21,0,46,87,Kensington,84.0
2019,9,21,0,46,87,Kensington,38.349998,2019,9,21,22,46,87,Kensington,81.620003
2019,9,21,0,46,87,Kensington,38.349998,2019,9,21,44,46,87,Kensington,72.260002
2019,9,21,11,0,0,Kensington,34.150002,2019,9,21,0,0,0,Kensington,89.300003
2019,9,21,11,0,0,Kensington,34.150002,2019,9,21,22,0,0,Kensington,83.040001
2019,9,21,11,0,0,Kensington,34.150002,2019,9,21,44,0,0,Kensington,79.440002
2019,9,21,11,0,29,Kensington,34.900002,2019,9,21,0,0,29,Kensington,87.879997
2019,9,21,11,0,29,Kensington,34.900002,2019,9,21,22,0,29,Kensington,84.169998
2019,9,21,11,0,29,Kensington,34.900002,2019,9,21,44,0,29,Kensington,77.860001
2019,9,21,11,0,58,Kensington,33.150002,2019,9,21,0,0,58,Kensington,86.970001
2019,9,21,11,0,58,Kensington,33.150002,2019,9,21,22,0,58,Kensington,84.769997
2019,9,21,11,0,58,Kensington,33.150002,2019,9,21,44,0,58,Kensington,76.440002
2019,9,21,11,0,87,Kensington,32.77,2019,9,21,0,0,87,Kensington,86.099998
2019,9,21,11,0,87,Kensington,32.77,2019,9,21,22,0,87,Kensington,86.620003
2019,9,21,11,0,87,Kensington,32.77,2019,9,21,44,0,87,Kensington,74.660004
2019,9,21,11,46,0,Kensington,28.35,2019,9,21,0,46,0,Kensington,85.440002
2019,9,21,11,46,0,Kensington,28.35,2019,9,21,22,46,0,Kensington,84.900002
2019,9,21,11,46,0,Kensington,28.35,2019,9,21,44,46,0,Kensington,74.330002
2019,9,21,11,46,29,Kensington,27.040001,2019,9,21,0,46,29,Kensington,84.279999
2019,9,21,11,46,29,Kensington,27.040001,2019,9,21,22,46,29,Kensington,83.059998
2019,9,21,11,46,29,Kensington,27.040001,2019,9,21,44,46,29,Kensington,73.860001
2019,9,21,11,46,58,Kensington,25.299999,2019,9,21,0,46,58,Kensington,84.169998
2019,9,21,11,46,58,Kensington,25.299999,2019,9,21,22,46,58,Kensington,81.110001
2019,9,21,11,46,58,Kensington,25.299999,2019,9,21,44,46,58,Kensington,72.459999
2019,9,21,11,46,87,Kensington,24.4,2019,9,21,0,46,87,Kensington,84.0
2019,9,21,11,46,87,Kensington,24.4,2019,9,21,22,46,87,Kensington,81.620003
2019,9,21,11,46,87,Kensington,24.4,2019,9,21,44,46,87,Kensington,72.260002
2019,9,21,22,0,0,Kensington,26.91,2019,9,21,0,0,0,Kensington,89.300003
2019,9,21,22,0,0,Kensington,26.91,2019,9,21,22,0,0,Kensington,83.040001
2019,9,21,22,0,0,Kensington,26.91,2019,9,21,44,0,0,Kensington,79.440002
2019,9,21,22,0,29,Kensington,27.26,2019,9,21,0,0,29,Kensington,87.879997
2019,9,21,22,0,29,Kensington,27.26,2019,9,21,22,0,29,Kensington,84.169998
2019,9,21,22,0,29,Kensington,27.26,2019,9,21,44,0,29,Kensington,77.860001
2019,9,21,22,0,58,Kensington,26.91,2019,9,21,0,0,58,Kensington,86.970001
2019,9,21,22,0,58,Kensington,26.91,2019,9,21,22,0,58,Kensington,84.769997
2019,9,21,22,0,58,Kensington,26.91,2019,9,21,44,0,58,Kensington,76.440002
2019,9,21,22,0,87,Kensington,28.190001,2019,9,21,0,0,87,Kensington,86.099998
2019,9,21,22,0,87,Kensington,28.190001,2019,9,21,22,0,87,Kensington,86.620003
2019,9,21,22,0,87,Kensington,28.190001,2019,9,21,44,0,87,Kensington,74.660004
2019,9,21,22,46,0,Kensington,28.75,2019,9,21,0,46,0,Kensington,85.440002
2019,9,21,22,46,0,Kensington,28.75,2019,9,21,22,46,0,Kensington,84.900002
2019,9,21,22,46,0,Kensington,28.75,2019,9,21,44,46,0,Kensington,74.330002
2019,9,21,22,46,29,Kensington,29.42,2019,9,21,0,46,29,Kensington,84.279999
2019,9,21,22,46,29,Kensington,29.42,2019,9,21,22,46,29,Kensington,83.059998
2019,9,21,22,46,29,Kensington,29.42,2019,9,21,44,46,29,Kensington,73.860001
2019,9,21,22,46,58,Kensington,30.200001,2019,9,21,0,46,58,Kensington,84.169998
2019,9,21,22,46,58,Kensington,30.200001,2019,9,21,22,46,58,Kensington,81.110001
2019,9,21,22,46,58,Kensington,30.200001,2019,9,21,44,46,58,Kensington,72.459999
2019,9,21,22,46,87,Kensington,28.68,2019,9,21,0,46,87,Kensington,84.0
2019,9,21,22,46,87,Kensington,28.68,2019,9,21,22,46,87,Kensington,81.620003
2019,9,21,22,46,87,Kensington,28.68,2019,9,21,44,46,87,Kensington,72.260002
2019,9,21,33,0,0,Kensington,31.950001,2019,9,21,0,0,0,Kensington,89.300003
2019,9,21,33,0,0,Kensington,31.950001,2019,9,21,22,0,0,Kensington,83.040001
2019,9,21,33,0,0,Kensington,31.950001,2019,9,21,44,0,0,Kensington,79.440002
2019,9,21,33,0,29,Kensington,32.990002,2019,9,21,0,0,29,Kensington,87.879997
2019,9,21,33,0,29,Kensington,32.990002,2019,9,21,22,0,29,Kensington,84.169998
2019,9,21,33,0,29,Kensington,32.990002,2019,9,21,44,0,29,Kensington,77.860001
2019,9,21,33,0,58,Kensington,32.529999,2019,9,21,0,0,58,Kensington,86.970001
2019,9,21,33,0,58,Kensington,32.529999,2019,9,21,22,0,58,Kensington,84.769997
2019,9,21,33,0,58,Kensington,32.529999,2019,9,21,44,0,58,Kensington,76.440002
2019,9,21,33,0,87,Kensington,32.549999,2019,9,21,0,0,87,Kensington,86.099998
2019,9,21,33,0,87,Kensington,32.549999,2019,9,21,22,0,87,Kensington,86.620003
2019,9,21,33,0,87,Kensington,32.549999,2019,9,21,44,0,87,Kensington,74.660004
2019,9,21,33,46,0,Kensington,36.0,2019,9,21,0,46,0,Kensington,85.440002
2019,9,21,33,46,0,Kensington,36.0,2019,9,21,22,46,0,Kensington,84.900002
2019,9,21,33,46,0,Kensington,36.0,2019,9,21,44,46,0,Kensington,74.330002
2019,9,21,33,46,29,Kensington,35.57,2019,9,21,0,46,29,Kensington,84.279999
2019,9,21,33,46,29,Kensington,35.57,2019,9,21,22,46,29,Kensington,83.059998
2019,9,21,33,46,29,Kensington,35.57,2019,9,21,44,46,29,Kensington,73.860001
2019,9,21,33,46,58,Kensington,34.099998,2019,9,21,0,46,58,Kensington,84.169998
2019,9,21,33,46,58,Kensington,34.099998,2019,9,21,22,46,58,Kensington,81.110001
2019,9,21,33,46,58,Kensington,34.099998,2019,9,21,44,46,58,Kensington,72.459999
2019,9,21,33,46,87,Kensington,35.549999,2019,9,21,0,46,87,Kensington,84.0
2019,9,21,33,46,87,Kensington,35.549999,2019,9,21,22,46,87,Kensington,81.620003
2019,9,21,33,46,87,Kensington,35.549999,2019,9,21,44,46,87,Kensington,72.260002
2019,9,31,0,0,0,Kensington,28.129999,2019,9,31,0,0,0,Kensington,73.68
2019,9,31,0,0,0,Kensington,28.129999,2019,9,31,22,0,0,Kensington,78.239998
2019,9,31,0,0,0,Kensington,28.129999,2019,9,31,44,0,0,Kensington,77.220001
2019,9,31,0,0,29,Kensington,29.879999,2019,9,31,0,0,29,Kensington,72.0
2019,9,31,0,0,29,Kensington,29.879999,2019,9,31,22,0,29,Kensington,78.599998
2019,9,31,0,0,29,Kensington,29.879999,2019,9,31,44,0,29,Kensington,75.57
2019,9,31,0,0,58,Kensington,29.799999,2019,9,31,0,0,58,Kensington,73.660004
2019,9,31,0,0,58,Kensington,29.799999,2019,9,31,22,0,58,Kensington,80.459999
2019,9,31,0,0,58,Kensington,29.799999,2019,9,31,44,0,58,Kensington,75.510002
2019,9,31,0,0,87,Kensington,30.66,2019,9,31,0,0,87,Kensington,74.879997
2019,9,31,0,0,87,Kensington,30.66,2019,9,31,22,0,87,Kensington,79.110001
2019,9,31,0,0,87,Kensington,30.66,2019,9,31,44,0,87,Kensington,74.150002
2019,9,31,0,46,0,Kensington,36.84,2019,9,31,0,46,0,Kensington,76.459999
2019,9,31,0,46,0,Kensington,36.84,2019,9,31,22,46,0,Kensington,79.860001
2019,9,31,0,46,0,Kensington,36.84,2019,9,31,44,46,0,Kensington,74.510002
2019,9,31,0,46,29,Kensington,37.709999,2019,9,31,0,46,29,Kensington,75.82
2019,9,31,0,46,29,Kensington,37.709999,2019,9,31,22,46,29,Kensington,81.599998
2019,9,31,0,46,29,Kensington,37.709999,2019,9,31,44,46,29,Kensington,75.019997
2019,9,31,0,46,58,Kensington,39.080002,2019,9,31,0,46,58,Kensington,77.019997
2019,9,31,0,46,58,Kensington,39.080002,2019,9,31,22,46,58,Kensington,81.5
2019,9,31,0,46,58,Kensington,39.080002,2019,9,31,44,46,58,Kensington,73.279999
2019,9,31,0,46,87,Kensington,38.220001,2019,9,31,0,46,87,Kensington,78.099998
2019,9,31,0,46,87,Kensington,38.220001,2019,9,31,22,46,87,Kensington,82.220001
2019,9,31,0,46,87,Kensington,38.220001,2019,9,31,44,46,87,Kensington,72.059998
2019,9,31,11,0,0,Kensington,38.259998,2019,9,31,0,0,0,Kensington,73.68
2019,9,31,11,0,0,Kensington,38.259998,2019,9,31,22,0,0,Kensington,78.239998
2019,9,31,11,0,0,Kensington,38.259998,2019,9,31,44,0,0,Kensington,77.220001
2019,9,31,11,0,29,Kensington,38.200001,2019,9,31,0,0,29,Kensington,72.0
2019,9,31,11,0,29,Kensington,38.200001,2019,9,31,22,0,29,Kensington,78.599998
2019,9,31,11,0,29,Kensington,38.200001,2019,9,31,44,0,29,Kensington,75.57
2019,9,31,11,0,58,Kensington,38.060001,2019,9,31,0,0,58,Kensington,73.660004
2019,9,31,11,0,58,Kensington,38.060001,2019,9,31,22,0,58,Kensington,80.459999
2019,9,31,11,0,58,Kensington,38.060001,2019,9,31,44,0,58,Kensington,75.510002
2019,9,31,11,0,87,Kensington,37.259998,2019,9,31,0,0,87,Kensington,74.879997
2019,9,31,11,0,87,Kensington,37.259998,2019,9,31,22,0,87,Kensington,79.110001
2019,9,31,11,0,87,Kensington,37.259998,2019,9,31,44,0,87,Kensington,74.150002
2019,9,31,11,46,0,Kensington,35.349998,2019,9,31,0,46,0,Kensington,76.459999
2019,9,31,11,46,0,Kensington,35.349998,2019,9,31,22,46,0,Kensington,79.860001
2019,9,31,11,46,0,Kensington,35.349998,2019,9,31,44,46,0,Kensington,74.510002
2019,9,31,11,46,29,Kensington,34.299999,2019,9,31,0,46,29,Kensington,75.82
2019,9,31,11,46,29,Kensington,34.299999,2019,9,31,22,46,29,Kensington,81.599998
2019,9,31,11,46,29,Kensington,34.299999,2019,9,31,44,46,29,Kensington,75.019997
2019,9,31,11,46,58,Kensington,33.639999,2019,9,31,0,46,58,Kensington,77.019997
2019,9,31,11,46,58,Kensington,33.639999,2019,9,31,22,46,58,Kensington,81.5
2019,9,31,11,46,58,Kensington,33.639999,2019,9,31,44,46,58,Kensington,73.279999
2019,9,31,11,46,87,Kensington,34.189999,2019,9,31,0,46,87,Kensington,78.099998
2019,9,31,11,46,87,Kensington,34.189999,2019,9,31,22,46,87,Kensington,82.220001
2019,9,31,11,46,87,Kensington,34.189999,2019,9,31,44,46,87,Kensington,72.059998
2019,9,31,22,0,0,Kensington,31.33,2019,9,31,0,0,0,Kensington,73.68
2019,9,31,22,0,0,Kensington,31.33,2019,9,31,22,0,0,Kensington,78.239998
2019,9,31,22,0,0,Kensington,31.33,2019,9,31,44,0,0,Kensington,77.220001
2019,9,31,22,0,29,Kensington,31.059999,2019,9,31,0,0,29,Kensington,72.0
2019,9,31,22,0,29,Kensington,31.059999,2019,9,31,22,0,29,Kensington,78.599998
2019,9,31,22,0,29,Kensington,31.059999,2019,9,31,44,0,29,Kensington,75.57
2019,9,31,22,0,58,Kensington,31.35,2019,9,31,0,0,58,Kensington,73.660004
2019,9,31,22,0,58,Kensington,31.35,2019,9,31,22,0,58,Kensington,80.459999
2019,9,31,22,0,58,Kensington,31.35,2019,9,31,44,0,58,Kensington,75.510002
2019,9,31,22,0,87,Kensington,29.48,2019,9,31,0,0,87,Kensington,74.879997
2019,9,31,22,0,87,Kensington,29.48,2019,9,31,22,0,87,Kensington,79.110001
2019,9,31,22,0,87,Kensington,29.48,2019,9,31,44,0,87,Kensington,74.150002
2019,9,31,22,46,0,Kensington,31.42,2019,9,31,0,46,0,Kensington,76.459999
2019,9,31,22,46,0,Kensington,31.42,2019,9,31,22,46,0,Kensington,79.860001
2019,9,31,22,46,0,Kensington,31.42,2019,9,31,44,46,0,Kensington,74.510002
2019,9,31,22,46,29,Kensington,33.299999,2019,9,31,0,46,29,Kensington,75.82
2019,9,31,22,46,29,Kensington,33.299999,2019,9,31,22,46,29,Kensington,81.599998
2019,9,31,22,46,29,Kensington,33.299999,2019,9,31,44,46,29,Kensington,75.019997
2019,9,31,22,46,58,Kensington,34.220001,2019,9,31,0,46,58,Kensington,77.019997
2019,9,31,22,46,58,Kensington,34.220001,2019,9,31,22,46,58,Kensington,81.5
2019,9,31,22,46,58,Kensington,34.220001,2019,9,31,44,46,58,Kensington,73.279999
2019,9,31,22,46,87,Kensington,35.68,2019,9,31,0,46,87,Kensington,78.099998
2019,9,31,22,46,87,Kensington,35.68,2019,9,31,22,46,87,Kensington,82.220001
2019,9,31,22,46,87,Kensington,35.68,2019,9,31,44,46,87,Kensington,72.059998
2019,9,31,33,0,0,Kensington,33.259998,2019,9,31,0,0,0,Kensington,73.68
2019,9,31,33,0,0,Kensington,33.259998,2019,9,31,22,0,0,Kensington,78.239998
2019,9,31,33,0,0,Kensington,33.259998,2019,9,31,44,0,0,Kensington,77.220001
2019,9,31,33,0,29,Kensington,32.150002,2019,9,31,0,0,29,Kensington,72.0
2019,9,31,33,0,29,Kensington,32.150002,2019,9,31,22,0,29,Kensington,78.599998
2019,9,31,33,0,29,Kensington,32.150002,2019,9,31,44,0,29,Kensington,75.57
2019,9,31,33,0,58,Kensington,31.549999,2019,9,31,0,0,58,Kensington,73.660004
2019,9,31,33,0,58,Kensington,31.549999,2019,9,31,22,0,58,Kensington,80.459999
2019,9,31,33,0,58,Kensington,31.549999,2019,9,31,44,0,58,Kensington,75.510002
2019,9,31,33,0,87,Kensington,30.0,2019,9,31,0,0,87,Kensington,74.879997
2019,9,31,33,0,87,Kensington,30.0,2019,9,31,22,0,87,Kensington,79.110001
2019,9,31,33,0,87,Kensington,30.0,2019,9,31,44,0,87,Kensington,74.150002
2019,9,31,33,46,0,Kensington,32.169998,2019,9,31,0,46,0,Kensington,76.459999
2019,9,31,33,46,0,Kensington,32.169998,2019,9,31,22,46,0,Kensington,79.860001
2019,9,31,33,46,0,Kensington,32.169998,2019,9,31,44,46,0,Kensington,74.510002
2019,9,31,33,46,29,Kensington,31.549999,2019,9,31,0,46,29,Kensington,75.82
2019,9,31,33,46,29,Kensington,31.549999,2019,9,31,22,46,29,Kensington,81.599998
2019,9,31,33,46,29,Kensington,31.549999,2019,9,31,44,46,29,Kensington,75.019997
2019,9,31,33,46,58,Kensington,33.150002,2019,9,31,0,46,58,Kensington,77.019997
2019,9,31,33,46,58,Kensington,33.150002,2019,9,31,22,46,58,Kensington,81.5
2019,9,31,33,46,58,Kensington,33.150002,2019,9,31,44,46,58,Kensington,73.279999
2019,9,31,33,46,87,Kensington,34.57,2019,9,31,0,46,87,Kensington,78.099998
2019,9,31,33,46,87,Kensington,34.57,2019,9,31,22,46,87,Kensington,82.220001
2019,9,31,33,46,87,Kensington,34.57,2019,9,31,44,46,87,Kensington,72.059998
2019,10,1,0,0,0,Kensington,33.349998,2019,10,1,0,0,0,Kensington,72.769997
2019,10,1,0,0,0,Kensington,33.349998,2019,10,1,22,0,0,Kensington,76.790001
2019,10,1,0,0,0,Kensington,33.349998,2019,10,1,44,0,0,Kensington,70.57
2019,10,1,0,0,29,Kensington,32.369999,2019,10,1,0,0,29,Kensington,74.589996
2019,10,1,0,0,29,Kensington,32.369999,2019,10,1,22,0,29,Kensington,75.699997
2019,10,1,0,0,29,Kensington,32.369999,2019,10,1,44,0,29,Kensington,70.400002
2019,10,1,0,0,58,Kensington,32.77,2019,10,1,0,0,58,Kensington,72.800003
2019,10,1,0,0,58,Kensington,32.77,2019,10,1,22,0,58,Kensington,74.699997
2019,10,1,0,0,58,Kensington,32.77,2019,10,1,44,0,58,Kensington,69.349998
2019,10,1,0,0,87,Kensington,34.02,2019,10,1,0,0,87,Kensington,71.790001
2019,10,1,0,0,87,Kensington,34.02,2019,10,1,22,0,87,Kensington,76.480003
2019,10,1,0,0,87,Kensington,34.02,2019,10,1,44,0,87,Kensington,70.459999
2019,10,1,0,46,0,Kensington,39.5,2019,10,1,0,46,0,Kensington,73.239998
2019,10,1,0,46,0,Kensington,39.5,2019,10,1,22,46,0,Kensington,75.800003
2019,10,1,0,46,0,Kensington,39.5,2019,10,1,44,46,0,Kensington,71.599998
2019,10,1,0,46,29,Kensington,39.549999,2019,10,1,0,46,29,Kensington,74.019997
2019,10,1,0,46,29,Kensington,39.549999,2019,10,1,22,46,29,Kensington,75.599998
2019,10,1,0,46,29,Kensington,39.549999,2019,10,1,44,46,29,Kensington,70.040001
2019,10,1,0,46,58,Kensington,38.48,2019,10,1,0,46,58,Kensington,75.019997
2019,10,1,0,46,58,Kensington,38.48,2019,10,1,22,46,58,Kensington,73.989998
2019,10,1,0,46,58,Kensington,38.48,2019,10,1,44,46,58,Kensington,71.599998
2019,10,1,0,46,87,Kensington,39.990002,2019,10,1,0,46,87,Kensington,75.699997
2019,10,1,0,46,87,Kensington,39.990002,2019,10,1,22,46,87,Kensington,73.330002
2019,10,1,0,46,87,Kensington,39.990002,2019,10,1,44,46,87,Kensington,72.150002
2019,10,1,11,0,0,Kensington,39.619999,2019,10,1,0,0,0,Kensington,72.769997
2019,10,1,11,0,0,Kensington,39.619999,2019,10,1,22,0,0,Kensington,76.790001
2019,10,1,11,0,0,Kensington,39.619999,2019,10,1,44,0,0,Kensington,70.57
2019,10,1,11,0,29,Kensington,39.509998,2019,10,1,0,0,29,Kensington,74.589996
2019,10,1,11,0,29,Kensington,39.509998,2019,10,1,22,0,29,Kensington,75.699997
2019,10,1,11,0,29,Kensington,39.509998,2019,10,1,44,0,29,Kensington,70.400002
2019,10,1,11,0,58,Kensington,40.529999,2019,10,1,0,0,58,Kensington,72.800003
2019,10,1,11,0,58,Kensington,40.529999,2019,10,1,22,0,58,Kensington,74.699997
2019,10,1,11,0,58,Kensington,40.529999,2019,10,1,44,0,58,Kensington,69.349998
2019,10,1,11,0,87,Kensington,38.91,2019,10,1,0,0,87,Kensington,71.790001
2019,10,1,11,0,87,Kensington,38.91,2019,10,1,22,0,87,Kensington,76.480003
2019,10,1,11,0,87,Kensington,38.91,2019,10,1,44,0,87,Kensington,70.459999
2019,10,1,11,46,0,Kensington,37.0,2019,10,1,0,46,0,Kensington,73.239998
2019,10,1,11,46,0,Kensington,37.0,2019,10,1,22,46,0,Kensington,75.800003
2019,10,1,11,46,0,Kensington,37.0,2019,10,1,44,46,0,Kensington,71.599998
2019,10,1,11,46,29,Kensington,37.060001,2019,10,1,0,46,29,Kensington,74.019997
2019,10,1,11,46,29,Kensington,37.060001,2019,10,1,22,46,29,Kensington,75.599998
2019,10,1,11,46,29,Kensington,37.060001,2019,10,1,44,46,29,Kensington,70.040001
2019,10,1,11,46,58,Kensington,35.73,2019,10,1,0,46,58,Kensington,75.019997
2019,10,1,11,46,58,Kensington,35.73,2019,10,1,22,46,58,Kensington,73.989998
2019,10,1,11,46,58,Kensington,35.73,2019,10,1,44,46,58,Kensington,71.599998
2019,10,1,11,46,87,Kensington,37.099998,2019,10,1,0,46,87,Kensington,75.699997
2019,10,1,11,46,87,Kensington,37.099998,2019,10,1,22,46,87,Kensington,73.330002
2019,10,1,11,46,87,Kensington,37.099998,2019,10,1,44,46,87,Kensington,72.150002
2019,10,1,22,0,0,Kensington,37.259998,2019,10,1,0,0,0,Kensington,72.769997
2019,10,1,22,0,0,Kensington,37.259998,2019,10,1,22,0,0,Kensington,76.790001
2019,10,1,22,0,0,Kensington,37.259998,2019,10,1,44,0,0,Kensington,70.57
2019,10,1,22,0,29,Kensington,36.639999,2019,10,1,0,0,29,Kensington,74.589996
2019,10,1,22,0,29,Kensington,36.639999,2019,10,1,22,0,29,Kensington,75.699997
2019,10,1,22,0,29,Kensington,36.639999,2019,10,1,44,0,29,Kensington,70.400002
2019,10,1,22,0,58,Kensington,35.57,2019,10,1,0,0,58,Kensington,72.800003
2019,10,1,22,0,58,Kensington,35.57,2019,10,1,22,0,58,Kensington,74.699997
2019,10,1,22,0,58,Kensington,35.57,2019,10,1,44,0,58,Kensington,69.349998
2019,10,1,22,0,87,Kensington,34.200001,2019,10,1,0,0,87,Kensington,71.790001
2019,10,1,22,0,87,Kensington,34.200001,2019,10,1,22,0,87,Kensington,76.480003
2019,10,1,22,0,87,Kensington,34.200001,2019,10,1,44,0,87,Kensington,70.459999
2019,10,1,22,46,0,Kensington,33.349998,2019,10,1,0,46,0,Kensington,73.239998
2019,10,1,22,46,0,Kensington,33.349998,2019,10,1,22,46,0,Kensington,75.800003
2019,10,1,22,46,0,Kensington,33.349998,2019,10,1,44,46,0,Kensington,71.599998
2019,10,1,22,46,29,Kensington,31.879999,2019,10,1,0,46,29,Kensington,74.019997
2019,10,1,22,46,29,Kensington,31.879999,2019,10,1,22,46,29,Kensington,75.599998
2019,10,1,22,46,29,Kensington,31.879999,2019,10,1,44,46,29,Kensington,70.040001
2019,10,1,22,46,58,Kensington,31.530001,2019,10,1,0,46,58,Kensington,75.019997
2019,10,1,22,46,58,Kensington,31.530001,2019,10,1,22,46,58,Kensington,73.989998
2019,10,1,22,46,58,Kensington,31.530001,2019,10,1,44,46,58,Kensington,71.599998
2019,10,1,22,46,87,Kensington,32.220001,2019,10,1,0,46,87,Kensington,75.699997
2019,10,1,22,46,87,Kensington,32.220001,2019,10,1,22,46,87,Kensington,73.330002
2019,10,1,22,46,87,Kensington,32.220001,2019,10,1,44,46,87,Kensington,72.150002
2019,10,1,33,0,0,Kensington,29.0,2019,10,1,0,0,0,Kensington,72.769997
2019,10,1,33,0,0,Kensington,29.0,2019,10,1,22,0,0,Kensington,76.790001
2019,10,1,33,0,0,Kensington,29.0,2019,10,1,44,0,0,Kensington,70.57
2019,10,1,33,0,29,Kensington,27.370001,2019,10,1,0,0,29,Kensington,74.589996
2019,10,1,33,0,29,Kensington,27.370001,2019,10,1,22,0,29,Kensington,75.699997
2019,10,1,33,0,29,Kensington,27.370001,2019,10,1,44,0,29,Kensington,70.400002
2019,10,1,33,0,58,Kensington,28.709999,2019,10,1,0,0,58,Kensington,72.800003
2019,10,1,33,0,58,Kensington,28.709999,2019,10,1,22,0,58,Kensington,74.699997
2019,10,1,33,0,58,Kensington,28.709999,2019,10,1,44,0,58,Kensington,69.349998
2019,10,1,33,0,87,Kensington,28.66,2019,10,1,0,0,87,Kensington,71.790001
2019,10,1,33,0,87,Kensington,28.66,2019,10,1,22,0,87,Kensington,76.480003
2019,10,1,33,0,87,Kensington,28.66,2019,10,1,44,0,87,Kensington,70.459999
2019,10,1,33,46,0,Kensington,25.299999,2019,10,1,0,46,0,Kensington,73.239998
2019,10,1,33,46,0,Kensington,25.299999,2019,10,1,22,46,0,Kensington,75.800003
2019,10,1,33,46,0,Kensington,25.299999,2019,10,1,44,46,0,Kensington,71.599998
2019,10,1,33,46,29,Kensington,24.99,2019,10,1,0,46,29,Kensington,74.019997
2019,10,1,33,46,29,Kensington,24.99,2019,10,1,22,46,29,Kensington,75.599998
2019,10,1,33,46,29,Kensington,24.99,2019,10,1,44,46,29,Kensington,70.040001
2019,10,1,33,46,58,Kensington,26.35,2019,10,1,0,46,58,Kensington,75.019997
2019,10,1,33,46,58,Kensington,26.35,2019,10,1,22,46,58,Kensington,73.989998
2019,10,1,33,46,58,Kensington,26.35,2019,10,1,44,46,58,Kensington,71.599998
2019,10,1,33,46,87,Kensington,28.33,2019,10,1,0,46,87,Kensington,75.699997
2019,10,1,33,46,87,Kensington,28.33,2019,10,1,22,46,87,Kensington,73.330002
2019,10,1,33,46,87,Kensington,28.33,2019,10,1,44,46,87,Kensington,72.150002
2019,10,11,0,0,0,Kensington,25.620001,2019,10,11,0,0,0,Kensington,72.059998
2019,10,11,0,0,0,Kensington,25.620001,2019,10,11,22,0,0,Kensington,65.260002
2019,10,11,0,0,0,Kensington,25.620001,2019,10,11,44,0,0,Kensington,62.02
2019,10,11,0,0,29,Kensington,25.620001,2019,10,11,0,0,29,Kensington,71.510002
2019,10,11,0,0,29,Kensington,25.620001,2019,10,11,22,0,29,Kensington,66.330002
2019,10,11,0,0,29,Kensington,25.620001,2019,10,11,44,0,29,Kensington,61.57
2019,10,11,0,0,58,Kensington,25.0,2019,10,11,0,0,58,Kensington,70.440002
2019,10,11,0,0,58,Kensington,25.0,2019,10,11,22,0,58,Kensington,64.660004
2019,10,11,0,0,58,Kensington,25.0,2019,10,11,44,0,58,Kensington,61.02
2019,10,11,0,0,87,Kensington,23.200001,2019,10,11,0,0,87,Kensington,70.529999
2019,10,11,0,0,87,Kensington,23.200001,2019,10,11,22,0,87,Kensington,65.57
2019,10,11,0,0,87,Kensington,23.200001,2019,10,11,44,0,87,Kensington,60.099998
2019,10,11,0,46,0,Kensington,21.75,2019,10,11,0,46,0,Kensington,70.150002
2019,10,11,0,46,0,Kensington,21.75,2019,10,11,22,46,0,Kensington,64.099998
2019,10,11,0,46,0,Kensington,21.75,2019,10,11,44,46,0,Kensington,61.0
2019,10,11,0,46,29,Kensington,22.040001,2019,10,11,0,46,29,Kensington,70.879997
2019,10,11,0,46,29,Kensington,22.040001,2019,10,11,22,46,29,Kensington,62.5
2019,10,11,0,46,29,Kensington,22.040001,2019,10,11,44,46,29,Kensington,62.57
2019,10,11,0,46,58,Kensington,21.280001,2019,10,11,0,46,58,Kensington,70.110001
2019,10,11,0,46,58,Kensington,21.280001,2019,10,11,22,46,58,Kensington,60.700001
2019,10,11,0,46,58,Kensington,21.280001,2019,10,11,44,46,58,Kensington,63.66
2019,10,11,0,46,87,Kensington,20.75,2019,10,11,0,46,87,Kensington,68.480003
2019,10,11,0,46,87,Kensington,20.75,2019,10,11,22,46,87,Kensington,60.240002
2019,10,11,0,46,87,Kensington,20.75,2019,10,11,44,46,87,Kensington,61.950001
2019,10,11,11,0,0,Kensington,19.190001,2019,10,11,0,0,0,Kensington,72.059998
2019,10,11,11,0,0,Kensington,19.190001,2019,10,11,22,0,0,Kensington,65.260002
2019,10,11,11,0,0,Kensington,19.190001,2019,10,11,44,0,0,Kensington,62.02
2019,10,11,11,0,29,Kensington,17.6,2019,10,11,0,0,29,Kensington,71.510002
2019,10,11,11,0,29,Kensington,17.6,2019,10,11,22,0,29,Kensington,66.330002
2019,10,11,11,0,29,Kensington,17.6,2019,10,11,44,0,29,Kensington,61.57
2019,10,11,11,0,58,Kensington,18.950001,2019,10,11,0,0,58,Kensington,70.440002
2019,10,11,11,0,58,Kensington,18.950001,2019,10,11,22,0,58,Kensington,64.660004
2019,10,11,11,0,58,Kensington,18.950001,2019,10,11,44,0,58,Kensington,61.02
2019,10,11,11,0,87,Kensington,18.02,2019,10,11,0,0,87,Kensington,70.529999
2019,10,11,11,0,87,Kensington,18.02,2019,10,11,22,0,87,Kensington,65.57
2019,10,11,11,0,87,Kensington,18.02,2019,10,11,44,0,87,Kensington,60.099998
2019,10,11,11,46,0,Kensington,24.26,2019,10,11,0,46,0,Kensington,70.150002
2019,10,11,11,46,0,Kensington,24.26,2019,10,11,22,46,0,Kensington,64.099998
2019,10,11,11,46,0,Kensington,24.26,2019,10,11,44,46,0,Kensington,61.0
2019,10,11,11,46,29,Kensington,25.200001,2019,10,11,0,46,29,Kensington,70.879997
2019,10,11,11,46,29,Kensington,25.200001,2019,10,11,22,46,29,Kensington,62.5
2019,10,11,11,46,29,Kensington,25.200001,2019,10,11,44,46,29,Kensington,62.57
2019,10,11,11,46,58,Kensington,24.530001,2019,10,11,0,46,58,Kensington,70.110001
2019,10,11,11,46,58,Kensington,24.530001,2019,10,11,22,46,58,Kensington,60.700001
2019,10,11,11,46,58,Kensington,24.530001,2019,10,11,44,46,58,Kensington,63.66
2019,10,11,11,46,87,Kensington,22.969999,2019,10,11,0,46,87,Kensington,68.480003
2019,10,11,11,46,87,Kensington,22.969999,2019,10,11,22,46,87,Kensington,60.240002
2019,10,11,11,46,87,Kensington,22.969999,2019,10,11,44,46,87,Kensington,61.950001
2019,10,11,22,0,0,Kensington,26.700001,2019,10,11,0,0,0,Kensington,72.059998
2019,10,11,22,0,0,Kensington,26.700001,2019,10,11,22,0,0,Kensington,65.260002
2019,10,11,22,0,0,Kensington,26.700001,2019,10,11,44,0,0,Kensington,62.02
2019,10,11,22,0,29,Kensington,27.4,2019,10,11,0,0,29,Kensington,71.510002
2019,10,11,22,0,29,Kensington,27.4,2019,10,11,22,0,29,Kensington,66.330002
2019,10,11,22,0,29,Kensington,27.4,2019,10,11,44,0,29,Kensington,61.57
2019,10,11,22,0,58,Kensington,28.059999,2019,10,11,0,0,58,Kensington,70.440002
2019,10,11,22,0,58,Kensington,28.059999,2019,10,11,22,0,58,Kensington,64.660004
2019,10,11,22,0,58,Kensington,28.059999,2019,10,11,44,0,58,Kensington,61.02
2019,10,11,22,0,87,Kensington,28.129999,2019,10,11,0,0,87,Kensington,70.529999
2019,10,11,22,0,87,Kensington,28.129999,2019,10,11,22,0,87,Kensington,65.57
2019,10,11,22,0,87,Kensington,28.129999,2019,10,11,44,0,87,Kensington,60.099998
2019,10,11,22,46,0,Kensington,31.389999,2019,10,11,0,46,0,Kensington,70.150002
2019,10,11,22,46,0,Kensington,31.389999,2019,10,11,22,46,0,Kensington,64.099998
2019,10,11,22,46,0,Kensington,31.389999,2019,10,11,44,46,0,Kensington,61.0
2019,10,11,22,46,29,Kensington,33.150002,2019,10,11,0,46,29,Kensington,70.879997
2019,10,11,22,46,29,Kensington,33.150002,2019,10,11,22,46,29,Kensington,62.5
2019,10,11,22,46,29,Kensington,33.150002,2019,10,11,44,46,29,Kensington,62.57
2019,10,11,22,46,58,Kensington,31.66,2019,10,11,0,46,58,Kensington,70.110001
2019,10,11,22,46,58,Kensington,31.66,2019,10,11,22,46,58,Kensington,60.700001
2019,10,11,22,46,58,Kensington,31.66,2019,10,11,44,46,58,Kensington,63.66
2019,10,11,22,46,87,Kensington,31.08,2019,10,11,0,46,87,Kensington,68.480003
2019,10,11,22,46,87,Kensington,31.08,2019,10,11,22,46,87,Kensington,60.240002
2019,10,11,22,46,87,Kensington,31.08,2019,10,11,44,46,87,Kensington,61.950001
2019,10,11,33,0,0,Kensington,31.200001,2019,10,11,0,0,0,Kensington,72.059998
2019,10,11,33,0,0,Kensington,31.200001,2019,10,11,22,0,0,Kensington,65.260002
2019,10,11,33,0,0,Kensington,31.200001,2019,10,11,44,0,0,Kensington,62.02
2019,10,11,33,0,29,Kensington,31.77,2019,10,11,0,0,29,Kensington,71.510002
2019,10,11,33,0,29,Kensington,31.77,2019,10,11,22,0,29,Kensington,66.330002
2019,10,11,33,0,29,Kensington,31.77,2019,10,11,44,0,29,Kensington,61.57
2019,10,11,33,0,58,Kensington,30.84,2019,10,11,0,0,58,Kensington,70.440002
2019,10,11,33,0,58,Kensington,30.84,2019,10,11,22,0,58,Kensington,64.660004
2019,10,11,33,0,58,Kensington,30.84,2019,10,11,44,0,58,Kensington,61.02
2019,10,11,33,0,87,Kensington,30.110001,2019,10,11,0,0,87,Kensington,70.529999
2019,10,11,33,0,87,Kensington,30.110001,2019,10,11,22,0,87,Kensington,65.57
2019,10,11,33,0,87,Kensington,30.110001,2019,10,11,44,0,87,Kensington,60.099998
2019,10,11,33,46,0,Kensington,32.02,2019,10,11,0,46,0,Kensington,70.150002
2019,10,11,33,46,0,Kensington,32.02,2019,10,11,22,46,0,Kensington,64.099998
2019,10,11,33,46,0,Kensington,32.02,2019,10,11,44,46,0,Kensington,61.0
2019,10,11,33,46,29,Kensington,32.400002,2019,10,11,0,46,29,Kensington,70.879997
2019,10,11,33,46,29,Kensington,32.400002,2019,10,11,22,46,29,Kensington,62.5
2019,10,11,33,46,29,Kensington,32.400002,2019,10,11,44,46,29,Kensington,62.57
2019,10,11,33,46,58,Kensington,30.82,2019,10,11,0,46,58,Kensington,70.110001
2019,10,11,33,46,58,Kensington,30.82,2019,10,11,22,46,58,Kensington,60.700001
2019,10,11,33,46,58,Kensington,30.82,2019,10,11,44,46,58,Kensington,63.66
2019,10,11,33,46,87,Kensington,31.879999,2019,10,11,0,46,87,Kensington,68.480003
2019,10,11,33,46,87,Kensington,31.879999,2019,10,11,22,46,87,Kensington,60.240002
2019,10,11,33,46,87,Kensington,31.879999,2019,10,11,44,46,87,Kensington,61.950001
2019,10,21,0,0,0,Kensington,25.200001,2019,10,21,0,0,0,Kensington,65.349998
2019,10,21,0,0,0,Kensington,25.200001,2019,10,21,22,0,0,Kensington,66.800003
2019,10,21,0,0,0,Kensington,25.200001,2019,10,21,44,0,0,Kensington,67.099998
2019,10,21,0,0,29,Kensington,24.440001,2019,10,21,0,0,29,Kensington,67.260002
2019,10,21,0,0,29,Kensington,24.440001,2019,10,21,22,0,29,Kensington,65.349998
2019,10,21,0,0,29,Kensington,24.440001,2019,10,21,44,0,29,Kensington,68.879997
2019,10,21,0,0,58,Kensington,24.33,2019,10,21,0,0,58,Kensington,68.989998
2019,10,21,0,0,58,Kensington,24.33,2019,10,21,22,0,58,Kensington,66.349998
2019,10,21,0,0,58,Kensington,24.33,2019,10,21,44,0,58,Kensington,67.620003
2019,10,21,0,0,87,Kensington,23.4,2019,10,21,0,0,87,Kensington,69.019997
2019,10,21,0,0,87,Kensington,23.4,2019,10,21,22,0,87,Kensington,64.459999
2019,10,21,0,0,87,Kensington,23.4,2019,10,21,44,0,87,Kensington,69.480003
2019,10,21,0,46,0,Kensington,24.99,2019,10,21,0,46,0,Kensington,69.93
2019,10,21,0,46,0,Kensington,24.99,2019,10,21,22,46,0,Kensington,64.660004
2019,10,21,0,46,0,Kensington,24.99,2019,10,21,44,46,0,Kensington,68.099998
2019,10,21,0,46,29,Kensington,24.879999,2019,10,21,0,46,29,Kensington,68.220001
2019,10,21,0,46,29,Kensington,24.879999,2019,10,21,22,46,29,Kensington,65.129997
2019,10,21,0,46,29,Kensington,24.879999,2019,10,21,44,46,29,Kensington,69.589996
2019,10,21,0,46,58,Kensington,25.57,2019,10,21,0,46,58,Kensington,68.080002
2019,10,21,0,46,58,Kensington,25.57,2019,10,21,22,46,58,Kensington,66.839996
2019,10,21,0,46,58,Kensington,25.57,2019,10,21,44,46,58,Kensington,68.080002
2019,10,21,0,46,87,Kensington,25.48,2019,10,21,0,46,87,Kensington,66.510002
2019,10,21,0,46,87,Kensington,25.48,2019,10,21,22,46,87,Kensington,65.190002
2019,10,21,0,46,87,Kensington,25.48,2019,10,21,44,46,87,Kensington,69.550003
2019,10,21,11,0,0,Kensington,21.24,2019,10,21,0,0,0,Kensington,65.349998
2019,10,21,11,0,0,Kensington,21.24,2019,10,21,22,0,0,Kensington,66.800003
2019,10,21,11,0,0,Kensington,21.24,2019,10,21,44,0,0,Kensington,67.099998
2019,10,21,11,0,29,Kensington,20.6,2019,10,21,0,0,29,Kensington,67.260002
2019,10,21,11,0,29,Kensington,20.6,2019,10,21,22,0,29,Kensington,65.349998
2019,10,21,11,0,29,Kensington,20.6,2019,10,21,44,0,29,Kensington,68.879997
2019,10,21,11,0,58,Kensington,21.879999,2019,10,21,0,0,58,Kensington,68.989998
2019,10,21,11,0,58,Kensington,21.879999,2019,10,21,22,0,58,Kensington,66.349998
2019,10,21,11,0,58,Kensington,21.879999,2019,10,21,44,0,58,Kensington,67.620003
2019,10,21,11,0,87,Kensington,22.73,2019,10,21,0,0,87,Kensington,69.019997
2019,10,21,11,0,87,Kensington,22.73,2019,10,21,22,0,87,Kensington,64.459999
2019,10,21,11,0,87,Kensington,22.73,2019,10,21,44,0,87,Kensington,69.480003
2019,10,21,11,46,0,Kensington,24.4,2019,10,21,0,46,0,Kensington,69.93
2019,10,21,11,46,0,Kensington,24.4,2019,10,21,22,46,0,Kensington,64.660004
2019,10,21,11,46,0,Kensington,24.4,2019,10,21,44,46,0,Kensington,68.099998
2019,10,21,11,46,29,Kensington,25.73,2019,10,21,0,46,29,Kensington,68.220001
2019,10,21,11,46,29,Kensington,25.73,2019,10,21,22,46,29,Kensington,65.129997
2019,10,21,11,46,29,Kensington,25.73,2019,10,21,44,46,29,Kensington,69.589996
2019,10,21,11,46,58,Kensington,26.33,2019,10,21,0,46,58,Kensington,68.080002
2019,10,21,11,46,58,Kensington,26.33,2019,10,21,22,46,58,Kensington,66.839996
2019,10,21,11,46,58,Kensington,26.33,2019,10,21,44,46,58,Kensington,68.080002
2019,10,21,11,46,87,Kensington,27.42,2019,10,21,0,46,87,Kensington,66.510002
2019,10,21,11,46,87,Kensington,27.42,2019,10,21,22,46,87,Kensington,65.190002
2019,10,21,11,46,87,Kensington,27.42,2019,10,21,44,46,87,Kensington,69.550003
2019,10,21,22,0,0,Kensington,24.48,2019,10,21,0,0,0,Kensington,65.349998
2019,10,21,22,0,0,Kensington,24.48,2019,10,21,22,0,0,Kensington,66.800003
2019,10,21,22,0,0,Kensington,24.48,2019,10,21,44,0,0,Kensington,67.099998
2019,10,21,22,0,29,Kensington,26.219999,2019,10,21,0,0,29,Kensington,67.260002
2019,10,21,22,0,29,Kensington,26.219999,2019,10,21,22,0,29,Kensington,65.349998
2019,10,21,22,0,29,Kensington,26.219999,2019,10,21,44,0,29,Kensington,68.879997
2019,10,21,22,0,58,Kensington,24.42,2019,10,21,0,0,58,Kensington,68.989998
2019,10,21,22,0,58,Kensington,24.42,2019,10,21,22,0,58,Kensington,66.349998
2019,10,21,22,0,58,Kensington,24.42,2019,10,21,44,0,58,Kensington,67.620003
2019,10,21,22,0,87,Kensington,25.110001,2019,10,21,0,0,87,Kensington,69.019997
2019,10,21,22,0,87,Kensington,25.110001,2019,10,21,22,0,87,Kensington,64.459999
2019,10,21,22,0,87,Kensington,25.110001,2019,10,21,44,0,87,Kensington,69.480003
2019,10,21,22,46,0,Kensington,22.709999,2019,10,21,0,46,0,Kensington,69.93
2019,10,21,22,46,0,Kensington,22.709999,2019,10,21,22,46,0,Kensington,64.660004
2019,10,21,22,46,0,Kensington,22.709999,2019,10,21,44,46,0,Kensington,68.099998
